Date, Open, High, Low, Close, Adj, Volume,,,
01/14/2022,951,958,940.5,947,947,181510,,,
01/13/2022,941,963.5,941,950,950,276460,,,
01/12/2022,952,952,934,950,950,254360,,,
01/11/2022,940,948,926,930,930,388200,,,
01/10/2022,932,960,931.5,940,940,247910,,,
01/07/2022,944,944,932,937,937,173030,,,
01/06/2022,929,947,920,947,947,373440,,,
01/05/2022,948,957,923,929.5,929.5,215800,,,
01/03/2022,950,950.5,932,932,932,255750,,, 
01/03/2022,950,950.5,932,932,932,255750,,,
12/31/2021,971,971,940,943,943,245380,,,
12/29/2021,988,988,964,971,971,143390,,,
12/28/2021,965.5,989,965.5,987,987,121180,,,
12/27/2021,960,975,960,975,975,57670,,,
12/24/2021,978.5,978.5,961.5,961.5,961.5,41380,,,
12/23/2021,950,979,950,979,979,164880,,,
12/22/2021,975,977.5,940,943,943,256680,,,
12/21/2021,976,987,965,971,971,194280,,,
12/20/2021,970,983.5,964,980,980,125660,,,
12/17/2021,969,999,956,999,999,253940,,,
12/16/2021,970,979,952,979,979,212880,,,
12/15/2021,970,981,950,950,950,236140,,,
12/14/2021,959,977,941,968,968,208280,,,
12/13/2021,940,950,940,944.5,944.5,118170,,,
12/10/2021,950,955,937,940,940,144990,,,
12/09/2021,944,957,936,950,950,242270,,,
12/07/2021,940,959.5,935.5,959.5,959.5,172290,,,
12/06/2021,949,951,930.5,935,935,169180,,,
12/03/2021,954,959.5,939,939,939,174070,,,
12/02/2021,932,953,932,947.5,947.5,386390,,,
12/01/2021,975,977.5,922.5,932,932,504100,,,
11/29/2021,975,980,945,980,980,637330,,,
11/26/2021,975,990,974.5,979.5,979.5,256170,,,
11/25/2021,980,980.5,973,978,978,132930,,,
11/24/2021,985,991,979,988,988,181130,,,
11/23/2021,975,990,967,985,985,205880,,,
11/22/2021,975,975.5,965,975,975,160950,,,
11/19/2021,987,987,971,975,975,186160,,,
11/18/2021,976.5,987.5,970.5,975,975,264690,,,
11/17/2021,990,991.5,975,975,975,207130,,,
11/16/2021,990,998,982.5,998,998,198880,,,
11/15/2021,989.5,996,975,990,990,103840,,,
11/12/2021,975,995,975,990,990,170110,,,
11/11/2021,975,981,975,979,979,216660,,,
11/10/2021,990,993,971,975,975,264070,,,
11/09/2021,980,991,980,984,984,309280,,,
11/08/2021,998,998,973,974.5,974.5,483200,,,
11/05/2021,995,1001,980,998,998,119190,,,
11/04/2021,1002,1002,976,990,990,227140,,,
11/03/2021,990,1005,990,998,998,114905,,,
11/02/2021,976,1005,975,1005,1005,312910,,,
10/29/2021,993,993,961,965,965,520640,,,
10/28/2021,993,1007,980,992,992,155840,,,
10/27/2021,1024,1025,987.5,990,990,347750,,,
10/26/2021,1021,1028,1000,1028,1028,124875,,,
10/25/2021,1021,1030,1010,1021,1021,131175,,,
10/22/2021,1032,1041,1020,1034,1034,196005,,,
10/21/2021,1025,1038,1015,1038,1038,205110,,,
10/20/2021,996,1025,996,1025,1025,201240,,,
10/19/2021,980,1009,977.5,1008,1008,255980,,,
10/18/2021,980,980,960,970,970,335180,,,
10/15/2021,1000,1015,990,991,991,137025,,,
10/14/2021,992,1010,986,1000,1000,215810,,,
10/13/21,1000,1015,968,975,975,246210,,,
10/12/2021,986.5,1005,986.5,999,999,83720,,,
10/11/2021,968,1018,968,1005,1005,241280,,,
10/08/2021,980,998,965,966,966,233370,,,
10/07/2021,987,997,975,980,980,169775,,,
10/06/2021,997,1002,982,1000,1000,82185,,,
10/05/2021,977.5,1000,977.5,1000,1000,77240,,,
10/04/2021,975,990,972.5,990,990,94930,,,
10/01/2021,988,997.5,970,975,975,184280,,,
09/30/2021,986,999,979.5,990,990,228670,,,
09/29/2021,977,987,961,987,987,307190,,,
09/28/2021,978,978,955.5,977,977,257750,,,
09/27/2021,965.5,977,953.5,960,960,226980,,,
09/24/2021,982,984.5,962,965,965,211380,,,
09/23/2021,980,995,976,976,976,118700,,,
09/22/2021,995,995,975,975,975,92920,,,
09/21/2021,980,993,972.5,983,983,78890,,,
09/20/2021,994.5,999,983,986,986,58860,,,
09/17/2021,995.5,1000,989,994,994,300370,,,
09/16/2021,1000,1013,1000,1005,1005,100140,,,
09/15/2021,1006,1015,990,1015,1015,286280,,,
09/14/2021,1010,1016,988,988,988,109300,,,
09/13/2021,1015,1015,1002,1009,1009,63375,,,
09/10/2021,1008,1018,1002,1015,1015,77640,,,
09/09/2021,1024,1024,1005,1008,1008,111805,,,
09/08/2021,1000,1027,996.5,1025,1025,273160,,,
09/07/2021,998,1015,996,1015,1015,65270,,,
09/06/2021,1002,1008,995,998,998,86135,,,
09/03/2021,983,1020,983,1020,1020,309510,,,
09/02/2021,998,1004,981,981,981,169890,,,
09/01/2021,998.5,1006,976,985,985,259095,,,
08/31/2021,975.5,1009,953,1009,1009,647780,,,
08/27/2021,981,999,975,975,975,102080,,,
08/26/2021,1008,1008,982,982,982,160345,,,
08/25/2021,987,1010,974.5,1010,1010,166650,,,
08/24/2021,967.5,987,967.5,987,987,162460,,,
08/23/2021,994.5,994.5,963.5,965,965,150880,,,
08/20/2021,1002,1002,977,977,977,74470,,,
08/19/2021,999,1000,980,999,999,72830,,,
08/18/2021,963,1000,957.5,1000,1000,208660,,,
08/17/2021,957,975,957,960,960,139670,,,
08/16/2021,940,964.5,930,964,964,233770,,,
08/13/2021,979,989,912,912,912,351400,,,
08/12/2021,999.5,1001,979,979,979,91115,,,
08/11/2021,989,1008,981.5,1008,1008,119550,,,
08/10/2021,989,989,971.5,989,989,49900,,,
08/09/2021,963,989,963,989,989,116040,,,
08/06/2021,975,978,961.5,963,963,149250,,,
08/05/2021,975,985,963,963,963,134750,,,
08/04/2021,964.5,974.5,950,964,964,174890,,,
08/03/2021,945,964.5,921,964.5,964.5,167860,,,
08/02/2021,930,945,912,945,945,254050,,,
07/30/2021,956,956,910,910.5,910.5,344130,,,
07/29/2021,949,960,938,956,956,141190,,,
07/28/2021,956,956,920,954,954,196010,,,
07/27/2021,963,963,946,956,956,222890,,,
07/26/2021,965,965,945,945,945,108080,,,
07/23/2021,969,969.5,941.5,966,966,121160,,,
07/22/2021,950,960,940.5,960,960,195070,,,
07/21/2021,961,964,924,940,940,236000,,,
07/19/2021,960,976.5,931,951,951,361240,,,
07/16/2021,990,996.5,956,956,956,319330,,,
07/15/2021,1000,1009,989,990,990,88675,,,
07/14/2021,992,1010,989.5,1010,1010,105790,,,
07/13/2021,1019,1020,990,990,990,208285,,,
07/12/2021,999,1019,992,1019,1019,126810,,,
07/09/2021,1002,1010,986.5,1000,1000,281625,,,
07/08/2021,1012,1015,984,1010,1010,157660,,,
07/07/2021,1014,1014,1005,1012,1012,101130,,,
07/06/2021,1020,1020,1011,1014,1014,104705,,,
07/05/2021,1014,1022,1013,1020,1020,128575,,,
07/02/2021,1017,1021,1006,1018,1018,111995,,,
07/01/2021,1015,1021,1011,1016,1016,221920,,,
06/30/2021,1013,1014,999.5,999.5,999.5,172690,,,
06/29/2021,1003,1015,999,1015,1015,179635,,,
06/28/2021,996,1005,995.5,1005,1005,194460,,,
06/25/2021,988.5,997,988.5,995,995,72140,,,
06/24/2021,998,1001,986,986,986,128525,,,
06/23/2021,992,1000,990,1000,1000,125735,,,
06/22/2021,985,1007,985,1000,1000,141510,,,
06/21/2021,999,999,981.5,984,984,93420,,,
06/18/2021,995.5,1003,985,1000,1000,543390,,,
06/17/2021,1002,1007,991,999,999,226945,,,
06/16/2021,1003,1019,1000,1000,1000,174570,,,
06/15/2021,1000,1027,996.5,1015,1015,274990,,,
06/14/2021,1010,1010,996,1000,1000,111825,,,
06/11/2021,1005,1019,1001,1019,1019,109115,,,
06/10/2021,1004,1010,1000,1009,1009,245960,,,
06/09/2021,1001,1013,998,1000,1000,264660,,,
06/08/2021,1001,1008,992.5,1002,1002,322450,,,
06/07/2021,1000,1000,980,990,990,72615,,,
06/04/2021,999,1007,992,1000,1000,229220,,,
06/03/2021,997.5,999,980.5,998,998,133905,,,
06/02/2021,965,1000,965,1000,1000,464020,,,
06/01/2021,970,970,957,960.5,960.5,102780,,,
05/31/2021,965,990,962.5,970,970,177130,,,
05/28/2021,989,989,965.5,980,980,304950,,,
05/27/2021,935,1004,931,1004,1004,1001380,,,
05/26/2021,917,938,912,930,930,306350,,,
05/25/2021,905.5,917,904,912.5,912.5,321060,,,
05/24/2021,918,918,901.5,906.5,906.5,100470,,,
05/21/2021,903,922,901,910,910,237690,,,
05/20/2021,924,924,900,900,900,241130,,,
05/19/2021,927,936.5,909,924,924,199940,,,
05/18/2021,915.5,927,905,927,927,226990,,,
05/17/2021,938,941,914,930,930,240270,,,
05/14/2021,925,963.5,880,963.5,963.5,299450,,,
05/12/2021,927,930,920,923.5,923.5,157480,,,
05/11/2021,930,940.5,923.5,940,940,178830,,,
05/10/2021,921,939,920,939,939,236940,,,
05/07/2021,922,936,920,920,920,242960,,,
05/06/2021,951.5,957,921,921,921,394870,,,
05/05/2021,955,957.5,950,951,951,184070,,,
05/04/2021,965,968.5,957.5,960,960,184950,,,
05/03/2021,962,967,960,960,960,171720,,,
04/30/2021,968,977,961,961,961,363380,,,
04/29/2021,980,980,961,968,968,211670,,,
04/28/2021,958,990,955,990,990,299580,,,
04/27/2021,953.5,967,953.5,959,959,144870,,,
04/26/2021,969,969,952.5,958,958,262470,,,
04/23/2021,970,970,951,952,952,195200,,,
04/22/2021,968,974.5,965,970,970,303580,,,
04/21/2021,970.5,974,965,968,968,267370,,,
04/20/2021,973,978,970,977,977,239330,,,
04/19/2021,977,980,965.5,975,975,103910,,,
04/16/2021,980,982.5,970.5,978,978,108850,,,
04/15/2021,980,980,970,980,980,119240,,,
04/14/2021,968,980,965.5,980,980,188290,,,
04/13/2021,971,974.5,957.5,970,970,196130,,,
04/12/2021,971,993,970,972,972,252040,,,
04/08/2021,1003,1003,965,965,965,240380,,,
04/07/2021,992,1009,987,998,998,236930,,,
04/06/2021,982,992,972,992,992,147280,,,
04/05/2021,956,984,956,984,984,131550,,,
03/31/2021,972,972,960,960,960,405350,,,
03/30/2021,971,987,955.5,970,970,382300,,,
03/29/2021,974,995,962,970,970,210330,,,
03/26/2021,972,983.5,960,980,980,192720,,,
03/25/2021,962,996.5,962,984,984,200550,,,
03/24/2021,951.5,970,950,970,970,168430,,,
03/23/2021,952,967.5,952,963,963,298060,,,
03/22/2021,950,968,940,961,961,327880,,,
03/19/2021,990,1002,958.5,958.5,958.5,1249940,,,
03/18/2021,1006,1017,987,987,987,269000,,,
03/17/2021,1002,1008,990,1005,1005,424375,,,
03/16/2021,1000,1017,999,1003,1003,304595,,,
03/15/2021,1035,1035,998,1018,1018,340165,,,
03/12/2021,1031,1040,1030,1034,1034,129340,,,
03/11/2021,1041,1045,1026,1030,1030,263775,,,
03/10/2021,1035,1057,1025,1057,1057,282025,,,
03/09/2021,1030,1042,1023,1040,1040,232385,,,
03/08/2021,1040,1041,1023,1039,1039,270250,,,
03/05/2021,1030,1043,1024,1041,1041,307150,,,
03/04/2021,1045,1046,1012,1040,1040,249700,,,
03/03/2021,1046,1057,1026,1057,1057,197170,,,
03/02/2021,1015,1052,1015,1046,1046,459030,,,
03/01/2021,1025,1025,1009,1025,1025,670320,,,
02/26/2021,1010,1027,1006,1009,1009,848115,,,
02/24/2021,1054,1054,1035,1038,1038,342435,,,
02/23/2021,1030,1060,1010,1060,1060,286215,,,
02/22/2021,1060,1065,1031,1034,1034,322215,,,
02/19/2021,1038,1074,1038,1065,1065,432240,,,
02/18/2021,1050,1060,1033,1036,1036,242500,,,
02/17/2021,1056,1069,1030,1060,1060,10369270,,,
02/16/2021,1060,1070,1060,1070,1070,10167590,,,
02/15/2021,1068,1080,1055,1060,1060,10269730,,,
02/11/2021,1060,1078,1059,1068,1068,557330,,,
02/10/2021,1055,1095,1052,1078,1078,375190,,,
02/09/2021,1020,1059,1019,1056,1056,403225,,,
02/08/2021,1020,1048,1013,1020,1020,219285,,,
02/05/2021,1029,1046,1010,1039,1039,402375,,,
02/04/2021,1010,1034,981,1033,1033,225680,,,
02/03/2021,1012,1026,1007,1010,1010,149395,,,
02/02/2021,1010,1050,1006,1006,1006,257700,,,
02/01/2021,981,1005,976,1005,1005,404390,,,
01/29/2021,1016,1033,985,985,985,472445,,,
01/28/2021,1010,1043,1000,1026,1026,174205,,,
01/27/2021,1020,1029,996,1029,1029,405275,,,
01/26/2021,1035,1035,1020,1020,1020,219635,,,
01/25/2021,1040,1047,1032,1038,1038,159775,,,
01/22/2021,1052,1057,1026,1035,1035,521960,,,
01/21/2021,1069,1069,1051,1067,1067,160775,,,
01/20/2021,1056,1078,1045,1067,1067,328060,,,
01/19/2021,1042,1074,1040,1072,1072,258260,,,
01/18/2021,1051,1053,1043,1050,1050,328055,,,
01/15/2021,1077,1084,1051,1051,1051,157260,,,
01/14/2021,1065,1087,1065,1077,1077,205430,,,
01/13/2021,1068,1086,1052,1079,1079,181240,,,
01/12/2021,1060,1088,1052,1068,1068,263010,,,
01/11/2021,1050,1095,1050,1050,1050,312900,,,
01/08/2021,1042,1050,1037,1050,1050,169125,,,
01/07/2021,1040,1054,1031,1034,1034,92950,,,
01/06/2021,1050,1060,1025,1040,1040,144465,,,
01/05/2021,1064,1067,1046,1050,1050,122465,,,
01/04/2021,1055,1068,1046,1060,1060,208000,,,
12/29/2020,1050,1060,1042,1049,1049,248185,,,
12/28/2020,1065,1068,1050,1050,1050,217125,,,
12/23/2020,1070,1078,1049,1077,1077,151950,,,
12/22/2020,1065,1075,1046,1075,1075,119735,,,
12/21/2020,1061,1081,1042,1065,1065,137535,,,
12/18/2020,1069,1090,1053,1065,1065,523810,,,
12/17/2020,1068,1095,1050,1094,1094,378330,,,
12/16/2020,1042,1075,1035,1075,1075,359920,,,
12/15/2020,1050,1064,1031,1050,1050,327105,,,
12/14/2020,1068,1085,1040,1065,1065,108300,,,
12/11/2020,1055,1085,1054,1068,1068,273610,,,
12/10/2020,1040,1054,1040,1050,1050,236250,,,
12/09/2020,1040,1079,1030,1039,1039,290415,,,
12/07/2020,1044,1054,1020,1050,1050,366925,,,
12/04/2020,1033,1044,1019,1026,1026,299540,,,
12/03/2020,1030,1047,1007,1047,1047,390685,,,
12/02/2020,1017,1044,1007,1030,1030,241950,,,
12/01/2020,970,1019,965,1019,1019,544080,,,
11/27/2020,1011,1023,970,970,970,1203935,,,
11/26/2020,1016,1025,992.5,1025,1025,369560,,,
11/25/2020,1030,1030,1017,1021,1021,250405,,,
11/24/2020,1053,1053,1015,1030,1030,238790,,,
11/23/2020,1035,1070,1035,1055,1055,217855,,,
11/20/2020,1006,1050,1006,1050,1050,193270,,,
11/19/2020,1004,1020,995.5,1005,1005,486255,,,
11/18/2020,1005,1029,999.5,1029,1029,579865,,,
11/17/2020,1030,1030,1002,1002,1002,344620,,,
11/16/2020,1038,1050,1006,1015,1015,434820,,,
11/13/2020,1040,1060,1030,1030,1030,533275,,,
11/11/2020,1056,1090,1046,1049,1049,1002865,,,
11/10/2020,1025,1100,1025,1100,1100,1351220,,,
11/09/2020,1002,1006,982,990,990,282695,,,
11/06/2020,1029,1029,991,1010,1010,416640,,,
11/05/2020,995,1047,984.5,1010,1010,755780,,,
11/04/2020,974.5,996,951.5,996,996,338870,,,
11/03/2020,969,975,931.5,974.5,974.5,459690,,,
10/30/2020,940.5,959,931,950,950,361180,,,
10/29/2020,964.5,965,942.5,950,950,279920,,,
10/28/2020,970.5,979.5,963.5,965,965,201600,,,
10/27/2020,980,989.5,963,969,969,293490,,,
10/26/2020,971,997,953,981,981,513550,,,
10/23/2020,950,989,950,970,970,604860,,,
10/22/2020,934,945,917.5,945,945,507330,,,
10/21/2020,910,938,910,921,921,474500,,,
10/20/2020,893,917,891.5,910,910,303540,,,
10/19/2020,866,894,866,894,894,208470,,,
10/16/2020,865,875,864,864,864,85410,,,
10/15/2020,864.5,880,864.5,874,874,104460,,,
10/14/2020,884,890,864,864,864,213680,,,
10/13/2020,900,900,884,884,884,140500,,,
10/12/2020,899.5,903,894.5,900,900,72620,,,
10/09/2020,887,899.5,887,899.5,899.5,157650,,,
10/08/2020,865,888,850,888,888,15185420,,,
10/07/2020,879,879,861,865,865,125870,,,
10/06/2020,875,885,870,871.5,871.5,86180,,,
10/05/2020,888.5,898,875,875,875,64370,,,
10/02/2020,890,891,877.5,886,886,132120,,,
10/01/2020,886,890,872,890,890,58210,,,
09/30/2020,894,894,866.5,880,880,312410,,,
09/29/2020,890,890,876,880,880,101010,,,
09/28/2020,881,895,869,895,895,74000,,,
09/25/2020,872,881,865,869,869,155450,,,
09/24/2020,884.5,884.5,865,872,872,195270,,,
09/23/2020,888,888,876,885,885,770470,,,
09/22/2020,875,887,860,887,887,113230,,,
09/21/2020,880,889,865.5,879.5,879.5,88180,,,
09/18/2020,905,914,872,872,872,1149150,,,
09/17/2020,910,915,893,905,905,223100,,,
09/16/2020,922,927,910,910,910,604070,,,
09/15/2020,910.5,937,900,937,937,339660,,,
09/14/2020,900,919.5,890.5,915,915,460830,,,
09/11/2020,880,905,872,905,905,278910,,,
09/10/2020,887,899,864,880,880,1795700,,,
09/09/2020,890,902.5,885,887,887,817180,,,
09/08/2020,871,908,871,908,908,271890,,,
09/07/2020,845,894,830.5,894,894,163450,,,
09/04/2020,835.5,846,810,846,846,945000,,,
09/03/2020,841,847,831,836.5,836.5,201400,,,
09/02/2020,841,855,831,840.5,840.5,819440,,,
09/01/2020,853,885,837,837,837,1317270,,,
08/28/2020,870,879.5,847,850,850,1338910,,,
08/27/2020,887,887,872,873,873,15279810,,,
08/26/2020,877,887.5,869.5,887,887,720420,,,
08/25/2020,883,889,877,881,881,647110,,,
08/24/2020,890,890,872,883,883,618730,,,
08/20/2020,900.5,907,881,900,900,614140,,,
08/19/2020,918,920,898,900,900,609550,,,
08/18/2020,896,915,880.5,910,910,812280,,,
08/17/2020,900,905,875,880,880,386070,,,
08/14/2020,881.5,900,874.5,900,900,1187090,,,
08/13/2020,872,897,872,897,897,627680,,,
08/12/2020,865,870,860.5,870,870,15425670,,,
08/11/2020,859.5,874,852.5,858,858,450930,,,
08/10/2020,850.5,865,835,862,862,227790,,,
08/07/2020,876.5,876.5,846,850.5,850.5,699770,,,
08/06/2020,870,878,851,878,878,1982200,,,
08/05/2020,880,888,866,870,870,451400,,,
08/04/2020,850,873,847,865,865,464270,,,
08/03/2020,870,870,840,860,860,665150,,,
07/30/2020,900,900,885,890,890,400020,,,
07/29/2020,905,907.5,870,900,900,445190,,,
07/28/2020,884,910,856.5,900,900,589260,,,
07/27/2020,900,900,865.5,884,884,271930,,,
07/24/2020,896,910.5,896,900.5,900.5,147410,,,
07/23/2020,916.5,925,875.5,900,900,419490,,,
07/22/2020,925,940,915,915,915,193670,,,
07/21/2020,922,940,922,925,925,245300,,,
07/20/2020,940,940,910.5,940,940,113270,,,
07/17/2020,922,943,918,920,920,610350,,,
07/16/2020,916,945.5,916,933,933,167230,,,
07/15/2020,938,938,910,911,911,521960,,,
07/14/2020,928,938.5,925,935,935,438560,,,
07/13/2020,939,940,925,940,940,136080,,,
07/10/2020,916,940,900,940,940,337280,,,
07/09/2020,965,965,943.5,945,945,649600,,,
07/08/2020,945,975.5,940,975.5,975.5,180680,,,
07/07/2020,948.5,956.5,940,949,949,370100,,,
07/06/2020,952,952.5,931.5,940,940,268730,,,
07/03/2020,945,951,930,950,950,1171300,,,
07/02/2020,921,952,908,950,950,922710,,,
07/01/2020,938.5,938.5,920,920,920,1115360,,,
06/30/2020,928,940,917,939,939,254010,,,
06/29/2020,930,934.5,906,915,915,190290,,,
06/26/2020,921.5,939,916.5,938.5,938.5,351170,,,
06/25/2020,930,943,916,930,930,179100,,,
06/24/2020,940,940,931,937,937,150740,,,
06/23/2020,949,949,935,935,935,398130,,,
06/22/2020,945.5,960,921.5,960,960,188850,,,
06/19/2020,934,964.5,930,949,949,677230,,,
06/18/2020,931,963,925,963,963,1154530,,,
06/17/2020,961,969,926,956,956,176070,,,
06/16/2020,921,940,916,940,940,126940,,,
06/15/2020,950,950,915,915,915,325950,,,
06/11/2020,930,951,911,951,951,198000,,,
06/10/2020,945,945,905,935,935,1418950,,,
06/09/2020,949,959.5,938,950,950,357250,,,
06/08/2020,965.5,967.5,941.5,950,950,210910,,,
06/05/2020,967.5,986,951.5,967.5,967.5,435380,,,
06/04/2020,940.5,997,940.5,997,997,694010,,,
06/03/2020,954,960,935.5,945,945,512470,,,
06/02/2020,920,954,911.5,946,946,1475830,,,
06/01/2020,890,927.5,860,920,920,681840,,,
05/29/2020,837,915,835,915,915,1216260,,,
05/28/2020,837,848.5,830.5,836,836,207940,,,
05/27/2020,835,837,812.5,837,837,730300,,,
05/26/2020,820,838,805,838,838,241460,,,
05/22/2020,829.5,834,818,828,828,313950,,,
05/21/2020,820,838.5,816,835,835,246180,,,
05/20/2020,813,820,800.5,820,820,114140,,,
05/19/2020,812,816,805,810,810,135710,,,
05/18/2020,807,809.5,798,803,803,181720,,,
05/15/2020,820,820,800,801.5,801.5,246850,,,
05/14/2020,824,824,802,810,810,238870,,,
05/13/2020,815,826,814,826,826,72280,,,
05/12/2020,808,819.5,800,817,817,123310,,,
05/11/2020,806,815,801.5,808,808,154310,,,
05/08/2020,828,838,802,804,804,499150,,,
05/07/2020,839,839,822,826.5,826.5,161030,,,
05/06/2020,830,840,821.5,832,832,295510,,,
05/05/2020,820.5,835,820.5,830,830,197760,,,
05/04/2020,822,822.5,796,822,822,170040,,,
04/30/2020,843,846,834.5,845,845,242720,,,
04/29/2020,820,843,805,831,831,115960,,,
04/28/2020,782,820,782,819,819,250110,,,
04/27/2020,818,818,780,780,780,356720,,,
04/24/2020,840,840,810,814,814,247630,,,
04/23/2020,828,850,818.5,845,845,358220,,,
04/22/2020,817,825,808,818,818,233300,,,
04/21/2020,844.5,855,818,839,839,212370,,,
04/20/2020,858,863,845,845,845,324090,,,
04/17/2020,849,860,830,860,860,380280,,,
04/16/2020,850,850,820,820,820,560260,,,
04/15/2020,868,868,855,862,862,661890,,,
04/14/2020,877.5,884,851.5,868,868,253750,,,
04/13/2020,869,876.5,843.5,870,870,206530,,,
04/08/2020,865,878,851,870,870,450970,,,
04/07/2020,875,878,860.5,878,878,333100,,,
04/06/2020,827.5,850,804,850,850,371730,,,
04/03/2020,823,833,817.5,825,825,196500,,,
04/02/2020,800,820,795.5,820,820,256030,,,
04/01/2020,811,830,801,826,826,454990,,,
03/31/2020,785,820,785,818,818,550010,,,
03/30/2020,800,805.5,751,770,770,412060,,,
03/27/2020,846,870,802,805,805,667120,,,
03/26/2020,800,845,761,845,845,780850,,,
03/25/2020,762,800,753.5,800,800,477820,,,
03/24/2020,760,765,730,747.5,747.5,390880,,,
03/23/2020,670,748,670,746,746,431110,,,
03/20/2020,700,740,689.5,721.5,721.5,1030380,,,
03/19/2020,600,698,509.5,667,667,1600610,,,
03/16/2020,750,800,735,735,735,653420,,,
03/13/2020,725,847.5,685,831.5,831.5,1530940,,,
03/12/2020,880,880,770,790,790,671990,,,
03/11/2020,905,940,890.5,900,900,946440,,,
03/10/2020,886,919,862,900,900,413920,,,
03/09/2020,910,910.5,895,902.5,902.5,394060,,,
03/06/2020,963,963,936,943,943,288050,,,
03/05/2020,954.5,972,948.5,950,950,531700,,,
03/04/2020,960,977,921,945,945,447420,,,
03/03/2020,967,986,956.5,961,961,354970,,,
03/02/2020,965,989.5,950,960,960,511230,,,
02/28/2020,972,981.5,960,974.5,974.5,482350,,,
02/27/2020,970.5,987,969.5,987,987,219920,,,
02/26/2020,1000,1000,978,985,985,719395,,,
02/24/2020,1015,1028,1002,1010,1010,198520,,,
02/21/2020,1034,1045,1016,1038,1038,178005,,,
02/20/2020,1054,1059,1032,1032,1032,185325,,,
02/19/2020,1018,1038,1014,1038,1038,1205185,,,
02/18/2020,1018,1024,1007,1012,1012,147195,,,
02/17/2020,992,1020,990,1015,1015,787660,,,
02/14/2020,1008,1010,992,992,992,569085,,,
02/13/2020,1004,1010,995.5,1010,1010,91985,,,
02/12/2020,1000,1005,996,1002,1002,126935,,,
02/11/2020,1000,1001,990,1000,1000,165480,,,
02/10/2020,1003,1010,1000,1000,1000,715495,,,
02/07/2020,1000,1004,998.5,1000,1000,121415,,,
02/06/2020,1000,1014,996,1000,1000,1339330,,,
02/05/2020,990,1010,990,1000,1000,1131350,,,
02/04/2020,975,989.5,974.5,983.5,983.5,936380,,,
02/03/2020,971,983.5,955.5,974.5,974.5,127450,,,
01/31/2020,1000,1017,961,971,971,340060,,,
01/30/2020,1020,1020,995,995,995,311885,,,
01/29/2020,1015,1017,1010,1013,1013,191825,,,
01/28/2020,1025,1025,1012,1015,1015,214510,,,
01/27/2020,1036,1045,1025,1025,1025,82615,,,
01/24/2020,1046,1049,1025,1032,1032,396510,,,
01/23/2020,1054,1059,1031,1050,1050,217420,,,
01/22/2020,1049,1049,1011,1025,1025,172795,,,
01/21/2020,1030,1045,1021,1026,1026,1143945,,,
01/20/2020,1062,1062,1012,1030,1030,219330,,,
01/17/2020,1069,1069,1040,1055,1055,212700,,,
01/16/2020,1058,1062,1038,1050,1050,391965,,,
01/15/2020,1076,1076,1056,1060,1060,119465,,,
01/14/2020,1074,1077,1046,1077,1077,478250,,,
01/10/2020,1067,1080,1060,1079,1079,1053270,,,
01/09/2020,1057,1072,1054,1072,1072,182035,,,
01/08/2020,1064,1064,1042,1055,1055,183430,,,
01/07/2020,1040,1078,1040,1067,1067,225720,,,
01/06/2020,1037,1048,1025,1040,1040,121650,,,
01/03/2020,1040,1069,1019,1051,1051,207525,,,
01/02/2020,1015,1058,1011,1039,1039,356730,,,
12/27/2019,1068,1080,1039,1043,1043,428450,,,
12/26/2019,1062,1075,1055,1056,1056,534815,,,
12/23/2019,1056,1080,1056,1078,1078,214485,,,
12/20/2019,1034,1065,1000,1065,1065,765455,,,
12/19/2019,1051,1052,1027,1035,1035,470420,,,
12/18/2019,1050,1069,1043,1055,1055,285955,,,
12/17/2019,1073,1073,1045,1050,1050,1374090,,,
12/16/2019,1071,1075,1055,1055,1055,333580,,,
12/13/2019,1070,1071,1057,1069,1069,724810,,,
12/12/2019,1055,1078,1055,1059,1059,261830,,,
12/11/2019,1052,1079,1052,1068,1068,189900,,,
12/10/2019,1060,1069,1051,1051,1051,159510,,,
12/09/2019,1078,1078,1060,1060,1060,463640,,,
12/06/2019,1080,1080,1064,1078,1078,136840,,,
12/05/2019,1063,1080,1063,1070,1070,797495,,,
12/04/2019,1077,1077,1060,1062,1062,1592055,,,
12/03/2019,1078,1084,1062,1069,1069,234010,,,
12/02/2019,1060,1080,1060,1080,1080,179670,,,
11/29/2019,1090,1090,1056,1060,1060,282645,,,
11/28/2019,1089,1095,1060,1070,1070,324795,,,
11/27/2019,1090,1100,1087,1089,1089,473390,,,
11/26/2019,1070,1091,1069,1091,1091,962620,,,
11/25/2019,1056,1077,1054,1075,1075,214695,,,
11/22/2019,1052,1066,1052,1066,1066,211015,,,
11/21/2019,1070,1070,1050,1070,1070,232485,,,
11/20/2019,1070,1070,1051,1070,1070,122665,,,
11/19/2019,1069,1080,1061,1069,1069,275130,,,
11/18/2019,1060,1075,1060,1068,1068,856040,,,
11/15/2019,1070,1070,1050,1060,1060,332730,,,
11/14/2019,1059,1070,1042,1070,1070,281150,,,
11/13/2019,1068,1068,1051,1059,1059,67420,,,
11/12/2019,1058,1068,1054,1068,1068,129930,,,
11/11/2019,1060,1070,1060,1068,1068,115410,,,
11/08/2019,1060,1070,1051,1070,1070,658675,,,
11/07/2019,1070,1070,1052,1070,1070,436675,,,
11/06/2019,1091,1091,1055,1057,1057,219775,,,
11/05/2019,1034,1091,1034,1091,1091,729660,,,
11/04/2019,1030,1035,1022,1025,1025,1135880,,,
10/31/2019,1028,1030,1021,1030,1030,1379265,,,
10/30/2019,1030,1030,1010,1027,1027,696095,,,
10/29/2019,1016,1029,1010,1027,1027,1155345,,,
10/28/2019,1029,1029,1010,1024,1024,1117960,,,
10/25/2019,1036,1037,1013,1027,1027,1126825,,,
10/24/2019,1014,1030,1006,1030,1030,750560,,,
10/23/2019,1005,1014,1002,1014,1014,600915,,,
10/22/2019,1004,1014,998.5,1014,1014,1186165,,,
10/21/2019,1001,1006,990.5,1005,1005,112125,,,
10/18/2019,1019,1019,1001,1003,1003,75390,,,
10/17/2019,1004,1009,997.5,1006,1006,1113685,,,
10/16/2019,995,1004,983,1004,1004,650630,,,
10/15/2019,1010,1010,993.5,995,995,274055,,,
10/14/2019,1001,1019,1001,1010,1010,107205,,,
10/11/2019,1000,1050,989,1010,1010,299910,,,
10/10/2019,988,1000,988,1000,1000,147550,,,
10/09/2019,1001,1005,987,987.5,987.5,145175,,,
10/08/2019,989,1009,975.5,1007,1007,387830,,,
10/07/2019,986,991,975,975,975,772270,,,
10/04/2019,973,990,973,990,990,203420,,,
10/03/2019,983,983,971,973,973,756050,,,
10/02/2019,978,988,977.5,983,983,782330,,,
10/01/2019,981,992,981,987,987,350790,,,
09/30/2019,998,999,971,971,971,431690,,,
09/27/2019,1007,1007,995,1000,1000,180785,,,
09/26/2019,1014,1014,1002,1007,1007,101285,,,
09/25/2019,1006,1015,995,1015,1015,217620,,,
09/24/2019,1005,1010,993,1010,1010,588380,,,
09/23/2019,1004,1011,990,1010,1010,150355,,,
09/20/2019,1005,1005,997,1000,1000,1064800,,,
09/19/2019,1015,1019,1000,1005,1005,82115,,,
09/18/2019,1000,1020,987,1020,1020,625240,,,
09/17/2019,1015,1018,999.5,1000,1000,190145,,,
09/16/2019,1017,1025,1011,1015,1015,238930,,,
09/13/2019,1014,1030,1011,1017,1017,135390,,,
09/12/2019,1020,1023,1011,1014,1014,752220,,,
09/11/2019,1013,1025,1011,1025,1025,323845,,,
09/10/2019,1028,1028,1012,1015,1015,672070,,,
09/09/2019,1048,1048,1022,1030,1030,99830,,,
09/06/2019,1028,1048,1026,1048,1048,1047880,,,
09/05/2019,1027,1033,1012,1031,1031,526530,,,
09/04/2019,1005,1032,997,1032,1032,223630,,,
09/03/2019,1013,1035,994,994,994,196520,,,
09/02/2019,1018,1026,1014,1019,1019,142645,,,
08/30/2019,1027,1037,1007,1026,1026,541565,,,
08/29/2019,1008,1025,990,1020,1020,248585,,,
08/28/2019,992,1007,985.5,1007,1007,302150,,,
08/27/2019,990,1000,985.5,988,988,1102235,,,
08/23/2019,989,1004,987,1004,1004,313215,,,
08/22/2019,998,1010,988,1000,1000,543645,,,
08/20/2019,1020,1020,997,1010,1010,322340,,,
08/19/2019,1025,1025,995,1020,1020,407180,,,
08/16/2019,1018,1037,1008,1027,1027,1552140,,,
08/15/2019,990,1020,979,1020,1020,507205,,,
08/14/2019,980,1026,978,1004,1004,338500,,,
08/13/2019,986.5,988,958,987,987,274520,,,
08/09/2019,990,997,977.5,986,986,375500,,,
08/08/2019,990,997,972.5,981,981,234490,,,
08/07/2019,967.5,990,960,990,990,293810,,,
08/06/2019,953.5,967,944.5,960,960,560170,,,
08/05/2019,1000,1005,968,968,968,367400,,,
08/02/2019,1000,1000,975,1000,1000,803510,,,
08/01/2019,999.5,1000,975,1000,1000,164710,,,
07/31/2019,1012,1012,981,999.5,999.5,293605,,,
07/30/2019,1020,1020,993,1013,1013,863125,,,
07/29/2019,1015,1020,998.5,1020,1020,264335,,,
07/26/2019,995,1011,993,1010,1010,155370,,,
07/25/2019,996.5,1015,980,1015,1015,241660,,,
07/24/2019,990,1007,988,990,990,174615,,,
07/23/2019,983,1004,976,1000,1000,164870,,,
07/22/2019,975,990,975,983.5,983.5,695090,,,
07/19/2019,982,998.5,982,990,990,132940,,,
07/18/2019,980,1000,980,985,985,72860,,,
07/17/2019,990.5,1010,977,982,982,224550,,,
07/16/2019,996,1027,990,990,990,277195,,,
07/15/2019,970,1007,970,1007,1007,488500,,,
07/12/2019,980,981,960,960,960,173480,,,
07/11/2019,981,992.5,980,980,980,148490,,,
07/10/2019,956,981,956,980,980,257120,,,
07/09/2019,959.5,960,945,950,950,763110,,,
07/08/2019,980,983.5,960,960,960,97110,,,
07/05/2019,978,992.5,978,983,983,70090,,,
07/04/2019,995.5,997,976.5,976.5,976.5,113800,,,
07/03/2019,996,997.5,981.5,994,994,673840,,,
07/02/2019,981,996,970,996,996,224940,,,
07/01/2019,970,981.5,965,981.5,981.5,112940,,,
06/28/2019,957,969,957,969,969,279190,,,
06/27/2019,952,975.5,951.5,975,975,258740,,,
06/26/2019,948.5,970,940,950,950,181680,,,
06/25/2019,964,972,956,960,960,119440,,,
06/24/2019,971,973,953,964,964,218230,,,
06/21/2019,970,970,951,966,966,550460,,,
06/20/2019,970,970,952,969.5,969.5,171090,,,
06/19/2019,948,975,942,975,975,186380,,,
06/18/2019,945,957.5,936.5,947.5,947.5,156910,,,
06/17/2019,940,958.5,932,945,945,201970,,,
06/14/2019,964,964,940,940,940,208510,,,
06/13/2019,955,965,935,960,960,229030,,,
06/11/2019,970,980.5,955,955,955,270260,,,
06/10/2019,960,975,953,971,971,170980,,,
06/07/2019,951,963,942,963,963,102590,,,
06/06/2019,952,965,940.5,965,965,263610,,,
06/04/2019,965,970,947,957,957,176810,,,
06/03/2019,942,974,942,960.5,960.5,372660,,,
05/31/2019,935,942,929.5,942,942,378160,,,
05/30/2019,936,942,929,929,929,348170,,,
05/29/2019,925.5,940,925,935.5,935.5,698570,,,
05/28/2019,915,927.5,904.5,925.5,925.5,996960,,,
05/27/2019,920,920.5,890.5,915,915,186520,,,
05/24/2019,922,922,900,920.5,920.5,174600,,,
05/23/2019,919,923,914,922.5,922.5,162350,,,
05/22/2019,902,920,900,916.5,916.5,191180,,,
05/21/2019,885,910,884,902,902,187600,,,
05/20/2019,888,898,877,884.5,884.5,432470,,,
05/17/2019,880,897.5,880,888,888,535930,,,
05/16/2019,891,899.5,880.5,885,885,469890,,,
05/15/2019,905,917,890,890,890,375270,,,
05/14/2019,924,924,900,902,902,573170,,,
05/10/2019,931.5,955,917,925,925,282970,,,
05/09/2019,950,956,931,940,940,480970,,,
05/08/2019,948,966,928,966,966,274680,,,
05/07/2019,950,955,940,949,949,201150,,,
05/06/2019,960,962,938,940,940,178970,,,
05/03/2019,960.5,977,960,960,960,228280,,,
05/02/2019,950,976.5,945,970,970,265450,,,
04/30/2019,940,951,939.5,950,950,216680,,,
04/29/2019,929,939,920,935,935,165280,,,
04/26/2019,944,950,930.5,931,931,175610,,,
04/25/2019,951.5,953,935.5,950,950,183520,,,
04/24/2019,930.5,950,930.5,950,950,141690,,,
04/23/2019,940,940,930,930,930,97040,,,
04/22/2019,932,940.5,932,940,940,73580,,,
04/17/2019,940,943,925,930,930,91000,,,
04/16/2019,926.5,943.5,925,940,940,138960,,,
04/15/2019,945,945,922.5,922.5,922.5,166070,,,
04/12/2019,959,960,943,943,943,223640,,,
04/11/2019,967,967,950,958,958,95060,,,
04/10/2019,965,971,957,967,967,344610,,,
04/08/2019,944,966,944,953,953,181630,,,
04/05/2019,947,948.5,940,944,944,70570,,,
04/04/2019,945,948.5,939,945,945,168580,,,
04/03/2019,941,947.5,935.5,945,945,147080,,,
04/02/2019,927,949,926,941,941,204480,,,
04/01/2019,936.5,949.5,922.5,925,925,249330,,,
03/29/2019,949,954.5,934,934,934,158440,,,
03/28/2019,944.5,950,942.5,945,945,95300,,,
03/27/2019,946,946,935,945,945,236160,,,
03/26/2019,936,948.5,936,945,945,200900,,,
03/25/2019,968,968,931,934,934,268470,,,
03/22/2019,963,980,961.5,970.5,970.5,237150,,,
03/21/2019,949,966,949,966,966,189320,,,
03/20/2019,956,956,931.5,950,950,118770,,,
03/19/2019,949.5,955,938.5,951.5,951.5,167480,,,
03/18/2019,934,949.5,930.5,949.5,949.5,103500,,,
03/15/2019,925,934,901.5,934,934,1146550,,,
03/14/2019,928.5,936,925,925,925,238530,,,
03/13/2019,927.5,940.5,926,931,931,185490,,,
03/12/2019,930,946,925.5,946,946,188190,,,
03/11/2019,950,950,920,925,925,334190,,,
03/08/2019,955,968,940,940,940,99050,,,
03/07/2019,967,969,955,969,969,72140,,,
03/06/2019,945,969,945,969,969,73540,,,
03/05/2019,940,954,940,941.5,941.5,244750,,,
03/04/2019,940,949.5,938,940,940,205230,,,
03/01/2019,944,954,934.5,940,940,409960,,,
02/28/2019,970,970,930,940,940,646050,,,
02/27/2019,970.5,980,960,966,966,231270,,,
02/26/2019,989,989,972,985,985,175300,,,
02/22/2019,984,984,955,980,980,264500,,,
02/21/2019,980,984,967.5,972,972,189180,,,
02/20/2019,969,986,968,980,980,208590,,,
02/19/2019,970,984,965,970,970,177280,,,
02/18/2019,971,994.5,961,970,970,242880,,,
02/15/2019,989,989,969.5,970,970,292000,,,
02/14/2019,982,995,970,990,990,191030,,,
02/13/2019,999,999.5,968.5,983,983,420680,,,
02/12/2019,1004,1005,985,986,986,217690,,,
02/11/2019,1010,1010,999.5,1000,1000,80380,,,
02/08/2019,1000,1010,985.5,1010,1010,261250,,,
02/07/2019,985,1005,984,1000,1000,150460,,,
02/06/2019,1000,1025,980,980,980,270280,,,
02/04/2019,1012,1014,992,997,997,225610,,,
02/01/2019,990,1019,990,1015,1015,309660,,,
01/31/2019,979.5,997,975,990,990,478750,,,
01/30/2019,972,976,954.5,975,975,296090,,,
01/29/2019,979,979,963,971,971,345240,,,
01/28/2019,987,1001,970,970,970,259620,,,
01/25/2019,990,995,978,989,989,419830,,,
01/24/2019,974.5,990,970.5,990,990,265310,,,
01/23/2019,966.5,976,954,976,976,161350,,,
01/22/2019,970,982.5,970,976,976,188100,,,
01/21/2019,980,984,960,970,970,105240,,,
01/18/2019,956,979,956,976,976,286650,,,
01/17/2019,959,970,947,953,953,270820,,,
01/16/2019,980,980,950,960,960,244900,,,
01/15/2019,990,990,971,980,980,402910,,,
01/14/2019,985,992,966.5,992,992,309730,,,
01/11/2019,990,994.5,960,985,985,289670,,,
01/10/2019,994,995,976,985,985,442820,,,
01/09/2019,957.5,995,950.5,995,995,776700,,,
01/08/2019,944,955.5,932,938,938,226340,,,
01/07/2019,960,981,940,940,940,328330,,,
01/04/2019,951,965,946,946,946,591270,,,
01/03/2019,915,958,914.5,958,958,689420,,,
01/02/2019,927.5,928,910,915.5,915.5,165080,,,
12/28/2018,925,926,915,917.5,917.5,316700,,,
12/27/2018,912.5,929,909,929,929,235390,,,
12/26/2018,910,927,907.5,911,911,145510,,,
12/21/2018,918,921,906,910,910,558390,,,
12/20/2018,930.5,939,930,930,930,232230,,,
12/19/2018,910,950,907,950,950,234180,,,
12/18/2018,933,933,910.5,920,920,279950,,,
12/17/2018,942,950,932,940,940,134540,,,
12/14/2018,948,962,947,952.5,952.5,158940,,,
12/13/2018,943,968,934,955,955,129180,,,
12/12/2018,921,945,915,945,945,282050,,,
12/11/2018,915,925,906.5,920.5,920.5,230410,,,
12/10/2018,932.5,938,900,900,900,394770,,,
12/07/2018,946,957.5,935,940,940,219040,,,
12/06/2018,960,965,942,950,950,414230,,,
12/05/2018,941.5,976.5,941.5,960,960,341880,,,
12/04/2018,948,980,948,980,980,610900,,,
12/03/2018,920,958,920,948,948,428860,,,
11/29/2018,921,933,908.5,908.5,908.5,1054100,,,
11/28/2018,915,924,910,915,915,198090,,,
11/27/2018,915.5,928,915,915,915,425440,,,
11/26/2018,911,920,911,915,915,212830,,,
11/23/2018,925,925,911,914,914,293200,,,
11/22/2018,920.5,940,910,914.5,914.5,235920,,,
11/21/2018,928,930,912,920,920,222210,,,
11/20/2018,919,960,912,940,940,336800,,,
11/19/2018,890,928,890,928,928,331940,,,
11/16/2018,890,908,878,890,890,405010,,,
11/15/2018,884,888,878,880,880,207660,,,
11/14/2018,882,898.5,873.5,898.5,898.5,226430,,,
11/13/2018,889,890,870,878,878,431720,,,
11/12/2018,890,900,870,889.5,889.5,80910,,,
11/09/2018,890,914,872.5,888,888,136090,,,
11/08/2018,880,890,866,884,884,228500,,,
11/07/2018,920,920,867.5,880,880,300860,,,
11/06/2018,910,925,910,920,920,173090,,,
11/05/2018,912,922,905,910,910,492910,,,
10/31/2018,883.5,908,883.5,900,900,380410,,,
10/30/2018,899.5,899.5,880,884,884,67010,,,
10/29/2018,893,900,870,900,900,170530,,,
10/26/2018,868,895,867,895,895,176080,,,
10/25/2018,873,879.5,855,860,860,241250,,,
10/24/2018,880,897,871,883.5,883.5,58100,,,
10/23/2018,889,891,878,888,888,278850,,,
10/22/2018,867,883.5,860,878,878,145520,,,
10/19/2018,865,866,853.5,865,865,170390,,,
10/18/2018,850.5,868,842.5,868,868,185470,,,
10/17/2018,860.5,865,850,850,850,398730,,,
10/16/2018,850.5,857.5,841,850,850,320190,,,
10/15/2018,871.5,874,850,850,850,183750,,,
10/12/2018,850.5,871.5,850,871.5,871.5,195650,,,
10/11/2018,869.5,869.5,831,850.5,850.5,393560,,,
10/10/2018,890,890,866.5,879,879,143160,,,
10/09/2018,870,880,868,880,880,120990,,,
10/08/2018,870,879.5,866,866,866,346550,,,
10/05/2018,869.5,875,866.5,870,870,259030,,,
10/04/2018,859.5,878.5,859.5,875,875,734740,,,
10/03/2018,875,892.5,871,875,875,105960,,,
10/02/2018,881,882,870,875,875,455700,,,
10/01/2018,900,903,880,880,880,292940,,,
09/28/2018,898,912,896.5,904,904,517870,,,
09/27/2018,885,899,866,899,899,225810,,,
09/26/2018,866,873.5,852.5,873.5,873.5,510200,,,
09/25/2018,890,890,866,866,866,151150,,,
09/24/2018,881,893.5,881,890,890,136180,,,
09/21/2018,870,892,866,892,892,786440,,,
09/20/2018,900,900,862,862,862,284060,,,
09/19/2018,895,910,888.5,890,890,241000,,,
09/18/2018,921.5,922,890,891,891,444500,,,
09/17/2018,935,940,921,922,922,169890,,,
09/14/2018,950,950,925,935,935,229590,,,
09/13/2018,941,950,937,948,948,208180,,,
09/12/2018,950,950,932.5,942,942,124780,,,
09/11/2018,938,950,925,950,950,171790,,,
09/10/2018,935,954,920,950,950,228990,,,
09/07/2018,940,941.5,920,938,938,247960,,,
09/06/2018,949,960,928,959,959,288290,,,
09/05/2018,969,969,945,960,960,233290,,,
09/04/2018,970,973.5,963,971,971,213350,,,
09/03/2018,975.5,975.5,966,970,970,197900,,,
08/31/2018,964.5,967,956,966,966,241160,,,
08/30/2018,970,975,959.5,965,965,180700,,,
08/29/2018,970,973.5,956,963.5,963.5,278000,,,
08/28/2018,948.5,983,948.5,970,970,454680,,,
08/24/2018,940,950,939,948,948,243070,,,
08/23/2018,931,950,930.5,939,939,283700,,,
08/22/2018,918,936.5,913,936.5,936.5,211260,,,
08/20/2018,927.5,942.5,908,918,918,214780,,,
08/17/2018,940,944.5,921.5,927.5,927.5,358580,,,
08/16/2018,930,930,920,930,930,137430,,,
08/15/2018,928,940,928,928,928,144610,,,
08/14/2018,933,933,918,926,926,208570,,,
08/13/2018,953,953,930,933,933,312160,,,
08/10/2018,957,978,954,956,956,267370,,,
08/09/2018,965,975,952.5,960,960,131030,,,
08/08/2018,959,969.5,950,964,964,255010,,,
08/07/2018,979,979,955,958.5,958.5,166560,,,
08/06/2018,986,986,966,979,979,170130,,,
08/03/2018,979.5,986,967.5,986,986,222280,,,
08/02/2018,985,985,978.5,979.5,979.5,181910,,,
08/01/2018,950,990,950,990,990,394990,,,
07/31/2018,952,958,940,950,950,306830,,,
07/30/2018,952,965,952,965,965,253290,,,
07/27/2018,965,965,945,960,960,241570,,,
07/26/2018,941,969,941,969,969,580280,,,
07/25/2018,901.5,950,901.5,933,933,499770,,,
07/24/2018,878,912,878,912,912,139310,,,
07/23/2018,890,894,879.5,885,885,210820,,,
07/20/2018,891.5,913.5,878,890,890,240220,,,
07/19/2018,919,919,899,900,900,188860,,,
07/18/2018,900,925,900,910,910,272350,,,
07/17/2018,908,908,899,900,900,109960,,,
07/16/2018,915,915,900,901,901,98190,,,
07/13/2018,910,924,910,916,916,332570,,,
07/12/2018,914.5,916.5,900,909,909,251600,,,
07/11/2018,895,916.5,894,916.5,916.5,314740,,,
07/10/2018,899,899,874.5,880,880,206130,,,
07/09/2018,879,890,878.5,890,890,71810,,,
07/06/2018,890,892.5,870,879,879,217670,,,
07/05/2018,910,912,890,890,890,275100,,,
07/04/2018,915,925,900,925,925,384330,,,
07/03/2018,886.5,915,886.5,915,915,290650,,,
07/02/2018,875,907,863,900,900,225310,,,
06/29/2018,850,875,850,875,875,453300,,,
06/28/2018,868,875,850.5,851.5,851.5,256510,,,
06/27/2018,839,881,837,875,875,294350,,,
06/26/2018,845,845,830,837,837,425350,,,
06/25/2018,894,894,845,845,845,396160,,,
06/22/2018,861,882,826,868,868,479620,,,
06/21/2018,875,880,859.5,866,866,480150,,,
06/20/2018,885,885,872.5,875,875,341880,,,
06/19/2018,878,887,870,879,879,997490,,,
06/18/2018,884.5,899,870,899,899,365600,,,
06/14/2018,895,907.5,888,902.5,902.5,720040,,,
06/13/2018,912,923,897.5,900,900,489350,,,
06/11/2018,919,929.5,903,928,928,123540,,,
06/08/2018,926.5,926.5,907.5,917.5,917.5,134590,,,
06/07/2018,904.5,931,901.5,931,931,211740,,,
06/06/2018,895,912,895,905,905,76650,,,
06/05/2018,880.5,912.5,868.5,912.5,912.5,160430,,,
06/04/2018,905,905,875,879,879,178650,,,
06/01/2018,868,906.5,860,906.5,906.5,189870,,,
05/31/2018,856,870,856,868,868,853120,,,
05/30/2018,860,863,850,860,860,433140,,,
05/29/2018,885,885,858.5,859.5,859.5,198240,,,
05/28/2018,879,882,857,882,882,189800,,,
05/25/2018,860,867,854,867,867,253810,,,
05/24/2018,852,872.5,852,863,863,225550,,,
05/23/2018,884,885,850,850,850,568220,,,
05/22/2018,890,890,881,881,881,204180,,,
05/21/2018,882.5,900,882.5,884,884,235190,,,
05/18/2018,914,914,881.5,881.5,881.5,311130,,,
05/17/2018,928,928,905,905,905,528070,,,
05/16/2018,935,935,915,923,923,323880,,,
05/15/2018,917,937,911,937,937,500480,,,
05/11/2018,909,928,908,918,918,211280,,,
05/10/2018,911,920,903,905.5,905.5,217060,,,
05/09/2018,919.5,920,903,920,920,106650,,,
05/08/2018,904,920,902,905,905,215110,,,
05/07/2018,908,912.5,901.5,905,905,231050,,,
05/04/2018,902,920,890,915.5,915.5,389950,,,
05/03/2018,950,950,900,900,900,333980,,,
05/02/2018,940,960,931.5,947.5,947.5,382240,,,
04/30/2018,910,940,907,940,940,384260,,,
04/27/2018,899,910,888.5,910,910,304980,,,
04/26/2018,885,891.5,880.5,886.5,886.5,263660,,,
04/25/2018,894,897.5,880.5,882.5,882.5,208440,,,
04/24/2018,900,900.5,893,895,895,186640,,,
04/23/2018,903,915.5,895,906,906,151070,,,
04/20/2018,910,920,901,901,901,183260,,,
04/19/2018,910,920,886,900,900,650110,,,
04/18/2018,934,940,911.5,920,920,203650,,,
04/17/2018,930,948,915.5,918,918,222770,,,
04/16/2018,949,949,928,934,934,150650,,,
04/13/2018,991,991,940,940,940,476570,,,
04/12/2018,985,995,980,988,988,206990,,,
04/11/2018,984,998,984,985,985,294950,,,
04/10/2018,971,988.5,970,983,983,315940,,,
04/06/2018,974,976,969.5,976,976,296260,,,
04/05/2018,976,976,962,974,974,171960,,,
04/04/2018,975,975,946,960,960,480880,,,
04/03/2018,937,975,936.5,975,975,367970,,,
04/02/2018,921,945,921,945,945,179470,,,
03/28/2018,935,939,917,917,917,296450,,,
03/27/2018,940,959,930,948,948,234760,,,
03/26/2018,949,950.5,910.5,940,940,267950,,,
03/23/2018,940,951,936,949,949,336060,,,
03/22/2018,930,980,923,980,980,596080,,,
03/21/2018,945,945,920,930.5,930.5,385520,,,
03/20/2018,938,950,917.5,949,949,355610,,,
03/19/2018,940.5,941,933,940.5,940.5,264190,,,
03/16/2018,915.5,940,906,937,937,1017490,,,
03/15/2018,947,947,912.5,912.5,912.5,365140,,,
03/14/2018,970,970,941,949.5,949.5,327950,,,
03/13/2018,963.5,967,955.5,963,963,273750,,,
03/12/2018,969,978,957,964,964,215890,,,
03/09/2018,954,958,945,958,958,106480,,,
03/08/2018,946.5,958,941,958,958,124880,,,
03/07/2018,951,958,940,958,958,356520,,,
03/06/2018,952,955.5,940,949,949,476300,,,
03/05/2018,965,965,945,952,952,278410,,,
03/02/2018,950,970,941.5,970,970,213210,,,
03/01/2018,942.5,968.5,940.5,966,966,279190,,,
02/28/2018,959,980,940,940,940,566470,,,
02/27/2018,980,980,960.5,970,970,292610,,,
02/26/2018,956,960,936,955,955,350680,,,
02/23/2018,961.5,967.5,953,960,960,297580,,,
02/22/2018,985,987.5,935,950,950,454280,,,
02/21/2018,995,1000,985,985,985,411200,,,
02/20/2018,995,1000,985,999,999,244370,,,
02/19/2018,988,1006,980,985,985,300880,,,
02/15/2018,995,996,970,989,989,294830,,,
02/14/2018,985,993,971,993,993,326890,,,
02/13/2018,980,992,975.5,990,990,400220,,,
02/12/2018,986,987,969,980,980,248780,,,
02/09/2018,973,985,941,985,985,581360,,,
02/08/2018,990,994,977,980,980,381670,,,
02/07/2018,1015,1020,973,990,990,777310,,,
02/06/2018,980,1012,960,1000,1000,719865,,,
02/05/2018,1000,1005,983,1005,1005,499545,,,
02/02/2018,1024,1030,1010,1030,1030,728100,,,
02/01/2018,1018,1046,1018,1024,1024,438220,,,
01/31/2018,1060,1061,1010,1025,1025,1231500,,,
01/30/2018,1120,1120,1073,1090,1090,475985,,,
01/29/2018,1140,1142,1111,1123,1123,270115,,,
01/26/2018,1100,1140,1076,1140,1140,343345,,,
01/25/2018,1071,1100,1061,1100,1100,254320,,,
01/24/2018,1092,1092,1076,1088,1088,341800,,,
01/23/2018,1070,1095,1057,1095,1095,323630,,,
01/22/2018,1059,1075,1053,1070,1070,431300,,,
01/19/2018,1042,1060,1038,1060,1060,212160,,,
01/18/2018,1048,1050,1036,1042,1042,255995,,,
01/17/2018,1049,1054,1036,1048,1048,323045,,,
01/16/2018,1049,1065,1030,1049,1049,244280,,,
01/15/2018,1032,1054,1025,1040,1040,222375,,,
01/12/2018,1040,1044,1026,1029,1029,235085,,,
01/11/2018,1040,1040,1012,1024,1024,761265,,,
01/10/2018,1046,1059,1041,1046,1046,277465,,,
01/09/2018,1025,1067,1025,1046,1046,372515,,,
01/08/2018,1043,1050,1020,1025,1025,444825,,,
01/05/2018,1050,1080,1020,1020,1020,711310,,,
01/04/2018,1040,1072,1032,1050,1050,1138305,,,
01/03/2018,990,1048,990,1040,1040,436580,,,
12/29/2017,995,1009,987.5,990,990,524830,,,
12/28/2017,989.5,1000,980,980,980,276060,,,
12/27/2017,984.5,989.5,973,989.5,989.5,189400,,,
12/22/2017,971,984.5,970,984.5,984.5,159630,,,
12/21/2017,973.5,973.5,970.5,971.5,971.5,375450,,,
12/20/2017,975,975,970.5,973.5,973.5,166440,,,
12/19/2017,976,978,969,975,975,230420,,,
12/18/2017,974.5,978.5,973,974.5,974.5,350950,,,
12/15/2017,986,986.5,963,974.5,974.5,851120,,,
12/14/2017,980,997,977.5,997,997,325770,,,
12/13/2017,989.5,989.5,970,975,975,419030,,,
12/12/2017,997,997,985,990,990,338060,,,
12/11/2017,982,999,982,997,997,374410,,,
12/08/2017,977.5,984,962.5,980.5,980.5,280710,,,
12/07/2017,958.5,978,958.5,978,978,220030,,,
12/06/2017,968,972,954.5,958.5,958.5,261250,,,
12/05/2017,958,963.5,952,960,960,1159680,,,
12/04/2017,956.5,961.5,951,959,959,271150,,,
12/01/2017,970,979,957,963,963,490600,,,
11/29/2017,959,975,959,970,970,643650,,,
11/28/2017,970,970,959,970,970,120880,,,
11/27/2017,982,982,955,970,970,261210,,,
11/24/2017,971,983.5,960,983.5,983.5,342250,,,
11/23/2017,966,975,959,972.5,972.5,159260,,,
11/22/2017,978.5,990,958,958,958,194560,,,
11/21/2017,980,980,966,973,973,462550,,,
11/20/2017,977,995,965.5,980,980,371980,,,
11/17/2017,958,976.5,950,965.5,965.5,146820,,,
11/16/2017,939,966.5,939,941.5,941.5,518680,,,
11/15/2017,960,964,944,964,964,257840,,,
11/14/2017,954,975,940.5,975,975,315470,,,
11/13/2017,981,990,953,953,953,182520,,,
11/10/2017,989,997,970,980,980,246960,,,
11/09/2017,972.5,990,972,980,980,337290,,,
11/08/2017,975,983,967,972.5,972.5,162350,,,
11/07/2017,994,994,970,975,975,298510,,,
11/06/2017,967.5,998,967.5,998,998,169500,,,
11/03/2017,990,1005,967,967,967,1197750,,,
11/02/2017,955,990,953,980,980,366620,,,
10/30/2017,950,959,940,955,955,216990,,,
10/27/2017,947,947,931,935,935,353320,,,
10/26/2017,960,960,944,947,947,196930,,,
10/25/2017,940,960,940,960,960,247690,,,
10/24/2017,952,968,940,940,940,600180,,,
10/23/2017,985,990,948,950,950,135690,,,
10/20/2017,957,990,957,979.5,979.5,180010,,,
10/19/2017,980,980,953.5,970,970,226240,,,
10/18/2017,990,990,947,964,964,275940,,,
10/17/2017,960,991,956,980,980,384860,,,
10/13/2017,947,957,939,952,952,308220,,,
10/12/2017,930,950,928,942,942,351350,,,
10/11/2017,947.5,950,925,928,928,359600,,,
10/10/2017,918.5,950,915.5,940,940,842710,,,
10/09/2017,920,920,909,918.5,918.5,217150,,,
10/06/2017,904,925,899.5,911,911,436040,,,
10/05/2017,909,909,898,899.5,899.5,539730,,,
10/04/2017,902,912.5,902,907,907,397900,,,
10/03/2017,897,908,897,902,902,374040,,,
10/02/2017,885,903.5,885,897,897,415290,,,
09/29/2017,870.5,917,870,883,883,1273200,,,
09/28/2017,878,880,865,873.5,873.5,524560,,,
09/27/2017,864.5,875,859,875,875,695970,,,
09/26/2017,877,877,858,875,875,406910,,,
09/25/2017,864.5,878,860,878,878,179000,,,
09/22/2017,862,869,861.5,864,864,133370,,,
09/21/2017,860,870,858,862,862,293620,,,
09/20/2017,855,860,851.5,855,855,147980,,,
09/19/2017,865,866,839,848,848,613060,,,
09/18/2017,833,870,828.5,868.5,868.5,1062760,,,
09/15/2017,821,835,817,835,835,823510,,,
09/14/2017,813,829.5,813,825,825,429250,,,
09/13/2017,830,830,812,812,812,612730,,,
09/11/2017,818,829.5,811.5,829,829,149280,,,
09/08/2017,822,822,814.5,818,818,187440,,,
09/07/2017,812,827,812,818,818,560270,,,
09/06/2017,820,828,814,815.5,815.5,253480,,,
09/05/2017,825,831,815,831,831,175060,,,
09/04/2017,819,827.5,812.5,824,824,317580,,,
08/31/2017,827.5,827.5,810.5,810.5,810.5,464080,,,
08/30/2017,824,830,811,820,820,231520,,,
08/29/2017,820,831.5,815,816,816,346110,,,
08/25/2017,815,828,815,821,821,97390,,,
08/24/2017,825,825,815.5,816.5,816.5,131720,,,
08/23/2017,823,823,813.5,817,817,246990,,,
08/22/2017,828,828,812.5,823,823,333500,,,
08/18/2017,834,834,825,828,828,153450,,,
08/17/2017,831,838,824,830,830,243320,,,
08/16/2017,825,844,825,831,831,313330,,,
08/15/2017,835,835,823.5,828,828,198990,,,
08/14/2017,829.5,831,821,829.5,829.5,240810,,,
08/11/2017,819,829.5,812,829.5,829.5,328980,,,
08/10/2017,830,831,825,829,829,130950,,,
08/09/2017,827,830,814.5,830,830,287440,,,
08/08/2017,815,825.5,813.5,820,820,328710,,,
08/07/2017,797,818,797,813.5,813.5,214040,,,
08/04/2017,800,802,799.5,800,800,150900,,,
08/03/2017,800,807,794,801,801,185710,,,
08/02/2017,808,829,797,797,797,605150,,,
08/01/2017,807,808,799.5,807.5,807.5,270170,,,
07/31/2017,805,807,785,807,807,310380,,,
07/28/2017,800,807.5,793,805,805,342340,,,
07/27/2017,793,803.5,793,800,800,482720,,,
07/26/2017,794,795,785,788,788,497030,,,
07/25/2017,790,790,782,788,788,187760,,,
07/24/2017,799.5,799.5,785.5,788,788,244010,,,
07/21/2017,790,800,782.5,800,800,257260,,,
07/20/2017,796,797.5,790,791,791,396070,,,
07/19/2017,795.5,802,790,797.5,797.5,388260,,,
07/18/2017,794.5,800,790.5,795.5,795.5,220090,,,
07/17/2017,792,800,790,795.5,795.5,246380,,,
07/14/2017,791.5,793.5,786,789.5,789.5,373240,,,
07/13/2017,791.5,807.5,791,791.5,791.5,486270,,,
07/12/2017,790,792,788,791,791,501340,,,
07/11/2017,791,791,789,790,790,345360,,,
07/10/2017,790.5,790.5,789,790,790,517090,,,
07/07/2017,793,793,786,791,791,156200,,,
07/06/2017,793,794,792.5,793,793,226960,,,
07/05/2017,791,793.5,789,791.5,791.5,348440,,,
07/04/2017,793,795,790.5,792,792,168020,,,
07/03/2017,799,799,790.5,795,795,270160,,,
06/30/2017,785,804,776,803,803,1559090,,,
06/29/2017,794,794,784.5,790,790,420820,,,
06/28/2017,796,796,783,787,787,230220,,,
06/27/2017,797,798,783,789,789,232760,,,
06/23/2017,785,785,777,783,783,377600,,,
06/22/2017,791,791.5,780.5,785,785,652170,,,
06/21/2017,793.5,793.5,787.5,791,791,340490,,,
06/20/2017,793,800,791.5,792.5,792.5,342380,,,
06/19/2017,794,796,788,792.5,792.5,341810,,,
06/16/2017,791,800,775,775,775,800000,,,
06/15/2017,800,805,798,799.5,799.5,386880,,,
06/14/2017,798,798,788,792.5,792.5,299910,,,
06/13/2017,800,800,788,790,790,447030,,,
06/09/2017,798,804,790.5,798,798,246650,,,
06/08/2017,808,808,786,794,794,678500,,,
06/07/2017,783,809.5,783,809.5,809.5,466830,,,
06/06/2017,795,795,780,780.5,780.5,374280,,,
06/05/2017,782.5,799,779.5,790,790,502850,,,
06/02/2017,786,798,767.5,767.5,767.5,296180,,,
06/01/2017,770,784,770,783.5,783.5,507190,,,
05/31/2017,773.5,774,767,770,770,902900,,,
05/30/2017,780,780,772.5,773.5,773.5,275720,,,
05/29/2017,777,787,776,777,777,297220,,,
05/26/2017,780,780,776,777,777,468890,,,
05/25/2017,782,786.5,779.5,780,780,133900,,,
05/24/2017,787,787.5,776,780.5,780.5,237670,,,
05/23/2017,779,790,779,788,788,160770,,,
05/22/2017,775,779.5,775,779,779,232780,,,
05/19/2017,779,783,772,775,775,483100,,,
05/18/2017,773.5,779,765,779,779,438720,,,
05/17/2017,775,784,774,778,778,343920,,,
05/16/2017,772.5,779.5,770,772,772,651840,,,
05/15/2017,770,788,770,773,773,285370,,,
05/12/2017,773,775,763,770,770,640860,,,
05/11/2017,762,774,762,773,773,360520,,,
05/10/2017,780,784.5,755,760,760,507050,,,
05/09/2017,790,800,775,784,784,767660,,,
05/08/2017,775,786,765,777,777,828360,,,
05/05/2017,753.5,778,751,774,774,1280590,,,
05/04/2017,745.5,759.5,744.5,755,755,404490,,,
05/03/2017,744,751,744,745,745,210970,,,
05/02/2017,736,745.5,735,740,740,433460,,,
04/27/2017,731,732,725,728,728,200180,,,
04/26/2017,727,736,724,731,731,350940,,,
04/25/2017,710,735,709.5,727,727,555470,,,
04/24/2017,706,720,706,709.5,709.5,436800,,,
04/21/2017,729,729,710,711,711,252390,,,
04/20/2017,708,721.5,708,718.5,718.5,545360,,,
04/19/2017,717,719.5,708,711,711,383170,,,
04/18/2017,723,723,714,718.5,718.5,81070,,,
04/17/2017,715,728.5,715,721,721,207150,,,
04/12/2017,720,734,714,719,719,406220,,,
04/11/2017,730.5,738,705,723,723,317780,,,
04/10/2017,738,745,720,727,727,387030,,,
04/07/2017,738.5,747,734.5,738,738,697220,,,
04/06/2017,730,755,730,738,738,818770,,,
04/05/2017,705,730,705,730,730,735990,,,
04/04/2017,698.5,707,694,701,701,543680,,,
04/03/2017,697,698.5,697,698.5,698.5,395850,,,
03/31/2017,696.5,698,694.5,697,697,1045880,,,
03/30/2017,693,697,693,696,696,749370,,,
03/29/2017,670,694,670,694,694,897710,,,
03/28/2017,665,682.5,665,680.5,680.5,424470,,,
03/27/2017,657,665,653,659,659,143120,,,
03/24/2017,655,666.5,655,666,666,769240,,,
03/23/2017,658,663,653,658,658,221980,,,
03/22/2017,654,654,645,647,647,385950,,,
03/21/2017,658,660.5,654,656,656,399180,,,
03/20/2017,660,670,656,659,659,875990,,,
03/17/2017,649,677,642,662,662,835800,,,
03/16/2017,655,655,645,649.5,649.5,404400,,,
03/15/2017,657,657,641.5,649.5,649.5,444180,,,
03/14/2017,650,661.5,648.5,652.5,652.5,318490,,,
03/13/2017,648,652.5,638.5,645.5,645.5,784480,,,
03/10/2017,659,659.5,599,599,599,1400790,,,
03/09/2017,655,665.5,655,660,660,393240,,,
03/08/2017,671,671,655,655,655,237760,,,
03/07/2017,670,670,658.5,660,660,450740,,,
03/06/2017,656,670,653,670,670,376810,,,
03/03/2017,663.5,663.5,655,656.5,656.5,237150,,,
03/02/2017,659,669.5,659,663.5,663.5,282840,,,
03/01/2017,662,662,657,660,660,234780,,,
02/28/2017,666,670,661,663,663,461760,,,
02/27/2017,668,671,666,666,666,457710,,,
02/24/2017,680,680.5,668,668,668,404280,,,
02/23/2017,680.5,684.5,676.5,680,680,186100,,,
02/22/2017,680,680.5,671.5,680,680,222600,,,
02/21/2017,680,683,677,680,680,340760,,,
02/20/2017,680,682.5,673,680,680,84650,,,
02/17/2017,675,677.5,667.5,671.5,671.5,405650,,,
02/16/2017,656,679,656,675,675,557850,,,
02/15/2017,662,662,656,656,656,517300,,,
02/14/2017,678.5,680,662,662,662,524570,,,
02/13/2017,671.5,681,671.5,679,679,251910,,,
02/10/2017,684.5,685,670.5,671,671,397840,,,
02/09/2017,691,691,680.5,684,684,280820,,,
02/08/2017,693,693,686,691,691,184530,,,
02/07/2017,697.5,697.5,675,682,682,338170,,,
02/06/2017,695,700.5,690,697.5,697.5,216590,,,
02/03/2017,691.5,695,683,692,692,312610,,,
02/02/2017,700,701,686,695,695,401470,,,
02/01/2017,698,700,696,700,700,179310,,,
01/31/2017,705,705,686,690,690,266070,,,
01/30/2017,705,706,700,700,700,218100,,,
01/27/2017,710,710,703,705,705,172860,,,
01/26/2017,701.5,713,701.5,710,710,285680,,,
01/25/2017,710,713,701.5,710.5,710.5,343730,,,
01/24/2017,705.5,712.5,701.5,710,710,1160630,,,
01/23/2017,670,706,670,706,706,283620,,,
01/20/2017,684,684,670,670,670,222410,,,
01/19/2017,680,682.5,678.5,680,680,380050,,,
01/18/2017,680,680,675,678,678,216070,,,
01/17/2017,686.5,686.5,675.5,683,683,113360,,,
01/16/2017,681,688,679.5,686.5,686.5,91330,,,
01/13/2017,677,685.5,677,681,681,181990,,,
01/12/2017,685.5,689,677,677,677,300280,,,
01/11/2017,685,708,680,680,680,478560,,,
01/10/2017,688,694.5,682,690,690,452490,,,
01/09/2017,690,690,670,690,690,402560,,,
01/06/2017,680,690,678,690,690,482840,,,
01/05/2017,657,690,650,689,689,781120,,,
01/04/2017,650,663,641,650,650,333050,,,
01/03/2017,654,658,635,650,650,147450,,,
12/29/2016,656,656,636.5,655,655,450410,,,
12/28/2016,628,657,627,657,657,151970,,,
12/27/2016,615,627,605,627,627,93530,,,
12/23/2016,603,615.5,602,615,615,335910,,,
12/22/2016,616,616,604.5,608,608,493770,,,
12/21/2016,624,629,614,618,618,605400,,,
12/20/2016,635,637,618,624,624,550270,,,
12/19/2016,635.5,650,630,637,637,203530,,,
12/16/2016,633,651,633,651,651,275160,,,
12/15/2016,644,660.5,638,651,651,359970,,,
12/14/2016,638,651,638,650,650,924840,,,
12/13/2016,648,649,633.5,638,638,354430,,,
12/12/2016,650,650,624.5,645,645,218790,,,
12/09/2016,658,659.5,645,650,650,630580,,,
12/08/2016,650,653,648,650,650,442930,,,
12/07/2016,634,649.5,630,645,645,176190,,,
12/06/2016,626,634,626,634,634,212710,,,
12/05/2016,649.5,654,625,625,625,198900,,,
12/02/2016,632.5,650,632.5,650,650,300240,,,
12/01/2016,640,640,626,630,630,1216100,,,
11/29/2016,623,631.5,621,624,624,965010,,,
11/28/2016,640,640,623,625,625,633300,,,
11/25/2016,645,645,636,640,640,676850,,,
11/24/2016,634,644,628,642,642,790080,,,
11/23/2016,628,634.5,610,634.5,634.5,788670,,,
11/22/2016,662,662,622.5,622.5,622.5,718530,,,
11/21/2016,662,665,658,662,662,285940,,,
11/18/2016,665.5,671,662,665,665,262290,,,
11/17/2016,670,683,665,665.5,665.5,539120,,,
11/16/2016,660,678.5,660,665,665,343490,,,
11/15/2016,657.5,665,657,660,660,316260,,,
11/14/2016,653,656,649,653.5,653.5,520620,,,
11/11/2016,670,670,651,655,655,500580,,,
11/10/2016,680,680,666,669.5,669.5,401770,,,
11/09/2016,671,675,650,656,656,553770,,,
11/08/2016,682,682.5,667,671,671,269260,,,
11/07/2016,663.5,682,662.5,671,671,376810,,,
11/04/2016,661,669.5,661,668,668,284500,,,
11/03/2016,671,679.5,661,664,664,689720,,,
11/02/2016,681,681,669,671,671,323150,,,
10/28/2016,680,680,671,672,672,308040,,,
10/27/2016,682.5,682.5,677,680,680,521080,,,
10/26/2016,680,692,675,682,682,275740,,,
10/25/2016,685,695,685,688,688,217070,,,
10/24/2016,683,689,680,684.5,684.5,396960,,,
10/21/2016,697.5,699.5,695,697,697,380080,,,
10/20/2016,700,700,696,696.5,696.5,197990,,,
10/19/2016,693,703,693,700,700,862820,,,
10/18/2016,666.5,692,666.5,692,692,610870,,,
10/17/2016,662.5,670,662,665,665,167450,,,
10/14/2016,658,663.5,657,662.5,662.5,244700,,,
10/13/2016,661.5,669,656,656,656,487440,,,
10/12/2016,671,671,661,665,665,488290,,,
10/11/2016,673,673,668,671.5,671.5,420390,,,
10/10/2016,676,676,663,669,669,235620,,,
10/07/2016,677,677,669.5,675,675,238110,,,
10/06/2016,676,680,666,671.5,671.5,349210,,,
10/05/2016,688,688,670,677,677,209550,,,
10/04/2016,675.5,685,675.5,685,685,375260,,,
10/03/2016,674,677,670.5,675,675,186130,,,
09/30/2016,672.5,677,669.5,673.5,673.5,381040,,,
09/29/2016,670,672,664,670,670,296450,,,
09/28/2016,657,674,655,663,663,211100,,,
09/27/2016,661,661.5,657,658.5,658.5,276470,,,
09/26/2016,672,672,660,661,661,371160,,,
09/23/2016,676,676.5,666.5,669,669,407020,,,
09/22/2016,662.5,672,662.5,668.5,668.5,392600,,,
09/21/2016,670,670,656.5,656.5,656.5,411630,,,
09/20/2016,655,668,655,668,668,308150,,,
09/19/2016,660,660,654.5,655,655,370650,,,
09/16/2016,685,685,660,660,660,900720,,,
09/15/2016,664,685.5,664,685.5,685.5,383700,,,
09/14/2016,664.5,667,661.5,664,664,371500,,,
09/13/2016,668,675,662,667.5,667.5,443100,,,
09/09/2016,672,672,667,668.5,668.5,722750,,,
09/08/2016,666,673,660.5,668.5,668.5,386670,,,
09/07/2016,681.5,681.5,663,666,666,407630,,,
09/06/2016,688,688,676,678.5,678.5,347440,,,
09/05/2016,688,695,680,689.5,689.5,285440,,,
09/02/2016,675,690,675,689.5,689.5,399940,,,
09/01/2016,680,680,653.5,675,675,473430,,,
08/31/2016,673,683,670,680,680,523020,,,
08/30/2016,688,688,667.5,687,687,653400,,,
08/26/2016,687,690,675,690,690,354950,,,
08/25/2016,689,690,682.5,689,689,418310,,,
08/24/2016,692,693,688.5,690.5,690.5,399950,,,
08/23/2016,689,694,687,694,694,330280,,,
08/22/2016,688,695,685,695,695,279360,,,
08/19/2016,693,694,685,688,688,210270,,,
08/18/2016,690,695,684,695,695,188620,,,
08/17/2016,695,695,687,692,692,429490,,,
08/16/2016,681,695,680,695,695,341780,,,
08/15/2016,685,687.5,680,684,684,429500,,,
08/12/2016,695,697,680,685,685,380270,,,
08/11/2016,697,700,691,693.5,693.5,240080,,,
08/10/2016,697,697.5,689,693.5,693.5,146930,,,
08/09/2016,685,698,684.5,697,697,365170,,,
08/08/2016,678,685,677,680,680,219780,,,
08/05/2016,679,684,677,678,678,299510,,,
08/04/2016,684,687,675,678,678,272630,,,
08/03/2016,708,708,666,682.5,682.5,621980,,,
08/02/2016,709,709,703.5,705,705,231980,,,
08/01/2016,691,709,691,708.5,708.5,334320,,,
07/29/2016,686,722,684,689,689,532160,,,
07/28/2016,682,686,674.667,683.333,683.333,515467.4843,,,
07/27/2016,678.667,683.333,678.667,680.667,680.667,443384.9865,,,
07/26/2016,685.333,685.333,670,670,670,394057.488,,,
07/25/2016,686.667,686.667,682.667,684,684,542377.4835,,,
07/22/2016,683.333,685.333,682.667,683.333,683.333,385289.9882,,,
07/21/2016,674.667,684,674.667,683.333,683.333,946799.9711,,,
07/20/2016,672,678,672,678,678,807854.9754,,,
07/19/2016,673.333,676,669.333,673.333,673.333,759074.9768,,,
07/18/2016,670,672.667,667.333,669.333,669.333,182219.9944,,,
07/15/2016,666.667,678,666.667,674,674,871004.9734,,,
07/14/2016,666.667,670,646.667,666.667,666.667,670634.9795,,,
07/13/2016,670.667,674,665.333,665.333,665.333,633652.4807,,,
07/12/2016,666,672,664.667,670,670,631424.9807,,,
07/11/2016,663.333,668,658,666,666,696524.9788,,,
07/08/2016,660,660,657.333,658,658,608594.9814,,,
07/07/2016,660,663.333,656,656.667,656.667,252209.9923,,,
07/05/2016,664.667,666.667,658.667,660,660,351269.9893,,,
07/04/2016,669.333,669.333,658,660,660,438779.9866,,,
07/01/2016,653.333,670,650.667,660,660,416354.9873,,,
06/30/2016,663.333,677.333,640,644.667,644.667,837899.9744,,,
06/29/2016,652.667,663.333,646.667,663.333,663.333,380129.9884,,,
06/28/2016,638,647,638,646.667,646.667,223079.9932,,,
06/27/2016,640,653,632,646.667,646.667,181259.9945,,,
06/24/2016,660,665,633,643.333,643.333,323024.9901,,,
06/23/2016,656.667,660,650.667,660,660,182489.9944,,,
06/22/2016,660,664.333,653.333,653.333,653.333,244829.9925,,,
06/21/2016,658.667,665.333,656,664,664,322934.9902,,,
06/20/2016,644,660,644,654.667,654.667,238019.9927,,,
06/17/2016,645.333,659.667,641,641,641,323654.9901,,,
06/16/2016,636.667,645.667,636.667,643.333,643.333,305459.9907,,,
06/15/2016,634,643.333,634,636.667,636.667,270059.9918,,,
06/14/2016,646.667,653.333,634,637.333,637.333,570614.9826,,,
06/13/2016,643.667,658,637.333,658,658,374189.9886,,,
06/10/2016,643.333,649.333,641.333,643.667,643.667,287549.9912,,,
06/09/2016,648,648,643.333,643.333,643.333,388049.9882,,,
06/08/2016,654,665.667,647.333,648.333,648.333,401879.9877,,,
06/07/2016,662.667,666.333,653.333,653.333,653.333,434324.9868,,,
06/06/2016,654,663.333,653.667,654.667,654.667,413204.9874,,,
06/03/2016,650,650.333,640,649,649,382064.9883,,,
06/02/2016,649.333,653.333,637,637,637,205964.9937,,,
06/01/2016,640,650,626.667,650,650,294884.991,,,
05/31/2016,633.333,640,614.667,626.667,626.667,949799.971,,,
05/30/2016,644,644.333,633.333,633.333,633.333,385949.9882,,,
05/27/2016,640.667,650,640.667,644,644,374459.9886,,,
05/26/2016,652,660,639.333,640.667,640.667,419084.9872,,,
05/25/2016,652.667,655.333,649,652,652,363059.9889,,,
05/24/2016,638,652.667,634.667,652.667,652.667,388259.9882,,,
05/23/2016,646,646,636.667,638,638,265739.9919,,,
05/20/2016,656.667,656.667,633.333,636.667,636.667,733364.9776,,,
05/19/2016,670.667,672,656,656.667,656.667,490139.9851,,,
05/18/2016,669.333,670.667,640.667,670.667,670.667,478102.4854,,,
05/17/2016,666,674.667,665.333,669.333,669.333,983009.97,,,
05/16/2016,638.667,666,638.667,666,666,496004.9849,,,
05/13/2016,630,665.333,628.333,653.333,653.333,827144.9748,,,
05/12/2016,642.667,645.333,630,631.667,631.667,236669.9928,,,
05/11/2016,640,645.333,638.333,642.667,642.667,736154.9775,,,
05/10/2016,608.333,630.667,608.333,628.667,628.667,708149.9784,,,
05/06/2016,610,612,602.667,608.667,608.667,323774.9901,,,
05/05/2016,613.667,613.667,611.333,612.333,612.333,437414.9867,,,
05/04/2016,618.333,618.333,611.667,614,614,364064.9889,,,
05/03/2016,620,625.333,617.667,618.333,618.333,373544.9886,,,
05/02/2016,628.667,628.667,615.667,620,620,336569.9897,,,
04/29/2016,632,633.333,628,629.333,629.333,295439.991,,,
04/28/2016,633.333,638.667,630.667,630.667,630.667,241454.9926,,,
04/27/2016,636.667,637.667,632.333,633.333,633.333,390119.9881,,,
04/26/2016,637.333,638.667,634,636.333,636.333,290324.9911,,,
04/25/2016,636.667,638.667,636.667,637.333,637.333,299549.9909,,,
04/22/2016,640,640,633.667,637,637,103094.9969,,,
04/21/2016,640,642.667,635.333,640,640,446129.9864,,,
04/20/2016,640,641.333,638.333,639.333,639.333,289499.9912,,,
04/19/2016,638.667,646.667,638.667,639.667,639.667,429899.9869,,,
04/18/2016,640,641.333,636,640,640,560864.9829,,,
04/15/2016,644.667,644.667,639.333,641.333,641.333,186209.9943,,,
04/14/2016,640,646.667,640,643.333,643.333,505739.9846,,,
04/13/2016,643.333,644.333,639.667,642,642,753254.977,,,
04/12/2016,640,640.667,636,640,640,762989.9767,,,
04/11/2016,646,646,639.333,640,640,222959.9932,,,
04/08/2016,643.333,646.667,638.333,640,640,425609.987,,,
04/07/2016,630.667,643,630.667,639.667,639.667,468374.9857,,,
04/06/2016,639.667,640.333,627,629.667,629.667,347504.9894,,,
04/05/2016,645.667,646.667,636.667,640,640,186284.9943,,,
04/04/2016,640,651.667,640,645,645,256514.9922,,,
04/01/2016,638.667,641,633.333,640,640,327389.99,,,
03/31/2016,642,648.667,629.667,633,633,660149.9799,,,
03/30/2016,640,654.667,635.333,635.333,635.333,617699.9812,,,
03/29/2016,646.667,646.667,636.333,639.333,639.333,310604.9905,,,
03/28/2016,660.333,660.333,642,646.667,646.667,651944.9801,,,
03/23/2016,650,660,650,660,660,344084.9895,,,
03/22/2016,663.333,664.667,658.667,659.667,659.667,523919.984,,,
03/21/2016,660,670.667,659.333,663,663,1267574.961,,,
03/18/2016,640,665,640,660,660,949499.971,,,
03/17/2016,631.333,639.333,629.333,638.667,638.667,393689.988,,,
03/16/2016,620,631.667,618.667,622.667,622.667,395549.9879,,,
03/15/2016,613.333,631.333,613.333,620,620,445529.9864,,,
03/14/2016,626.667,632.667,610,610,610,237749.9927,,,
03/11/2016,607.333,626.667,607.333,617.667,617.667,371669.9887,,,
03/10/2016,613.333,632,613.333,626.667,626.667,346994.9894,,,
03/09/2016,616,616,611.333,613.333,613.333,275924.9916,,,
03/08/2016,601,618,589.667,618,618,338789.9897,,,
03/07/2016,618,618,598.667,601,601,440279.9866,,,
03/04/2016,625.333,630.667,606.667,606.667,606.667,439319.9866,,,
03/03/2016,601.333,631.667,601.333,625.333,625.333,920579.9719,,,
03/02/2016,592,603.667,592,600.333,600.333,1032479.969,,,
03/01/2016,553.333,588,553.333,584.667,584.667,494144.9849,,,
02/29/2016,560.333,563.333,546.667,546.667,546.667,496709.9849,,,
02/26/2016,553.333,564.667,553.333,563.333,563.333,249074.9924,,,
02/24/2016,555.333,558.667,537.333,558.667,558.667,488054.9851,,,
02/23/2016,558.333,558.667,546.667,551.333,551.333,311234.9905,,,
02/22/2016,552.667,556.667,550,556.667,556.667,127559.9961,,,
02/19/2016,563.667,566.667,548.667,551.333,551.333,313874.9904,,,
02/18/2016,546,563.333,546,563.333,563.333,390929.9881,,,
02/17/2016,552.667,552.667,544.667,547.333,547.333,144884.9956,,,
02/16/2016,545.333,556.333,545.333,546.333,546.333,295394.991,,,
02/15/2016,542.667,545.333,540,545.333,545.333,247199.9925,,,
02/12/2016,534.333,550.333,534.333,542.333,542.333,285539.9913,,,
02/11/2016,536.333,543.333,536,536.667,536.667,501284.9847,,,
02/10/2016,549.333,549.333,535.333,542,542,347759.9894,,,
02/09/2016,564.667,564.667,549.333,550,550,46064.9986,,,
02/05/2016,560,567.333,559,564.667,564.667,179699.9945,,,
02/04/2016,557.667,562,545.333,560,560,643259.9804,,,
02/03/2016,553.333,553.333,535.333,540,540,417809.9873,,,
02/02/2016,554,557.667,553.333,553.333,553.333,372794.9886,,,
02/01/2016,553.333,557.333,536.333,553.333,553.333,384764.9883,,,
01/29/2016,543.333,554,540,551.667,551.667,611114.9814,,,
01/28/2016,520,546.667,513.333,543.333,543.333,651134.9801,,,
01/27/2016,506.667,521,500,520.333,520.333,367319.9888,,,
01/26/2016,506.667,507,496,502.333,502.333,435689.9867,,,
01/25/2016,510,521.333,493.333,521.333,521.333,206879.9937,,,
01/22/2016,509.333,509.333,485.333,493.333,493.333,388514.9882,,,
01/21/2016,515.667,515.667,493.333,493.333,493.333,597539.9818,,,
01/20/2016,526.667,533.333,516,520,520,308084.9906,,,
01/19/2016,533.333,533.333,518,533.333,533.333,116189.9965,,,
01/18/2016,517.333,538.667,517.333,533.333,533.333,277169.9915,,,
01/15/2016,543.667,543.667,533.667,539.333,539.333,279164.9915,,,
01/14/2016,526.667,531.333,516.667,529.333,529.333,141149.9957,,,
01/13/2016,520.667,541.333,520.667,540,540,208229.9936,,,
01/12/2016,513.333,526,513.333,516.667,516.667,291419.9911,,,
01/11/2016,534,535,513,513,513,485204.9852,,,
01/08/2016,534.667,547.333,534.333,538.667,538.667,336044.9898,,,
01/07/2016,560,572.667,540,540,540,120644.9963,,,
01/06/2016,570,570,560,560,560,216314.9934,,,
01/05/2016,559.667,572.667,557.333,566.667,566.667,249719.9924,,,
01/04/2016,571.333,571.333,559.333,561,561,189059.9942,,,
12/29/2015,576.667,578,560.667,576,576,239759.9927,,,
12/28/2015,553,576.667,553,576.667,576.667,107279.9967,,,
12/23/2015,572.333,576.667,569,576.667,576.667,160409.9951,,,
12/22/2015,570.667,570.667,560.667,569,569,171314.9948,,,
12/21/2015,560.667,570,544,570,570,149264.9954,,,
12/18/2015,560,563.333,542,563.333,563.333,417029.9873,,,
12/17/2015,556.667,566.667,556.667,566.667,566.667,338129.9897,,,
12/16/2015,541,552,541,552,552,466529.9858,,,
12/15/2015,544.333,546.667,536.667,540,540,231134.993,,,
12/14/2015,545.333,546,535.667,542.333,542.333,272984.9917,,,
12/11/2015,560.667,565.333,542.667,546.667,546.667,605309.9815,,,
12/10/2015,560,560.333,558.667,560,560,346859.9894,,,
12/09/2015,562,562,556.667,556.667,556.667,177209.9946,,,
12/08/2015,560.667,565.333,560,562,562,235784.9928,,,
12/07/2015,566,571.333,566,571,571,365234.9889,,,
12/04/2015,572,577.333,563.333,566,566,278879.9915,,,
12/03/2015,579.667,579.667,556.667,572,572,358514.9891,,,
12/02/2015,570,576.333,567.333,574.667,574.667,298154.9909,,,
12/01/2015,556.667,572.333,555,570,570,438959.9866,,,
11/27/2015,586.667,586.667,563.333,563.333,563.333,836459.9745,,,
11/26/2015,588.667,589.333,584.667,586.667,586.667,310199.9905,,,
11/25/2015,586,586.667,580,586.667,586.667,346484.9894,,,
11/24/2015,576.667,580,570.667,580,580,242849.9926,,,
11/23/2015,574.667,580,569.667,580,580,334589.9898,,,
11/20/2015,570,575.333,564,574.667,574.667,342494.9896,,,
11/17/2015,556,567.667,556,560,560,417209.9873,,,
11/16/2015,562.667,562.667,550.667,554,554,244124.9926,,,
11/13/2015,567.333,583.333,563.333,565.667,565.667,258764.9921,,,
11/12/2015,569.333,581.333,569.333,569.667,569.667,338234.9897,,,
11/11/2015,570,572,566.667,569.667,569.667,421724.9871,,,
11/10/2015,576,578,569.333,570,570,728024.9778,,,
11/09/2015,586.667,586.667,576,578.333,578.333,180974.9945,,,
11/06/2015,580,580.333,575.333,579.333,579.333,283619.9913,,,
11/05/2015,593.333,593.333,574.333,580,580,263534.992,,,
11/04/2015,586.667,592,581,592,592,258614.9921,,,
11/03/2015,583.333,587.333,580,586.667,586.667,553319.9831,,,
11/02/2015,578,583.333,576.667,583.333,583.333,330089.9899,,,
10/30/2015,581,589,581,583.333,583.333,482669.9853,,,
10/29/2015,588.333,588.333,579.667,581,581,555389.9831,,,
10/28/2015,594.667,594.667,584.333,588.333,588.333,445514.9864,,,
10/27/2015,598,598,593.333,595.333,595.333,414449.9874,,,
10/26/2015,595,600,595,597.333,597.333,488294.9851,,,
10/23/2015,586.333,591.667,586.333,590,590,798479.9756,,,
10/22/2015,583.667,585.667,575,583.333,583.333,402329.9877,,,
10/21/2015,585.333,585.333,580.667,583.667,583.667,369074.9887,,,
10/20/2015,582.667,584,580,584,584,366029.9888,,,
10/19/2015,581,581.333,569.333,573.667,573.667,386024.9882,,,
10/16/2015,591,591,581,581,581,356474.9891,,,
10/15/2015,591.333,595,583,586.333,586.333,361049.989,,,
10/14/2015,584,584,573.333,573.333,573.333,299144.9909,,,
10/13/2015,584.333,586.667,580,580,580,540884.9835,,,
10/12/2015,586,589.333,582,589.333,589.333,266369.9919,,,
10/09/2015,595.333,595.333,581.333,586,586,257324.9922,,,
10/08/2015,586.333,589.333,580,585.333,585.333,440024.9866,,,
10/07/2015,587.333,589.333,584.667,586.333,586.333,344729.9895,,,
10/06/2015,598,604.667,585.333,586.667,586.667,632804.9807,,,
10/05/2015,580,592.333,578.333,586,586,687794.979,,,
10/02/2015,592.333,592.333,570,580.333,580.333,469559.9857,,,
10/01/2015,591,596.667,586.333,592.333,592.333,132809.9959,,,
09/30/2015,593.333,595,587,593.667,593.667,508874.9845,,,
09/29/2015,568,583.333,566.667,583.333,583.333,338054.9897,,,
09/28/2015,590,590.333,570,573.333,573.333,238124.9927,,,
09/24/2015,585.667,592,566.667,586.667,586.667,441824.9865,,,
09/23/2015,586.667,592.333,573.333,585.667,585.667,434549.9867,,,
09/22/2015,593.333,598,591,593.333,593.333,407894.9876,,,
09/21/2015,593.333,598.667,588,593.333,593.333,537179.9836,,,
09/18/2015,603.333,609.333,586.667,586.667,586.667,1231604.962,,,
09/17/2015,596.333,603.333,591.667,600,600,605204.9815,,,
09/16/2015,596.667,596.667,590.667,594,594,391544.9881,,,
09/15/2015,580,593,580,590.333,590.333,137714.9958,,,
09/14/2015,562,596.333,562,596.333,596.333,174044.9947,,,
09/11/2015,571.333,571.333,561.333,561.333,561.333,338339.9897,,,
09/10/2015,563.333,567.667,560.333,563.333,563.333,401759.9877,,,
09/09/2015,569.333,571,560.667,563.333,563.333,284414.9913,,,
09/08/2015,574.667,574.667,558,566.667,566.667,551369.9832,,,
09/07/2015,582,582,570,574.667,574.667,275114.9916,,,
09/04/2015,590,590,574,582,582,323129.9901,,,
09/03/2015,590,591.333,588,590,590,326294.99,,,
09/02/2015,568,590.333,563.333,587.333,587.333,572024.9826,,,
09/01/2015,585.333,598.667,585,591.333,591.333,776909.9763,,,
08/28/2015,583.333,593.333,577.667,585.333,585.333,531974.9838,,,
08/27/2015,576.667,592,576.667,580,580,983489.97,,,
08/26/2015,579.333,580,570,572.667,572.667,673904.9794,,,
08/25/2015,534,593.333,534,593.333,593.333,402449.9877,,,
08/24/2015,586.667,586.667,540,560,560,972104.9704,,,
08/20/2015,598.667,600,594,598,598,455084.9861,,,
08/19/2015,597.333,599.333,591.333,598.667,598.667,310619.9905,,,
08/18/2015,600,600.333,598.667,600,600,154139.9953,,,
08/17/2015,618.667,618.667,598,600,600,351254.9893,,,
08/14/2015,601.333,622,601.333,619.333,619.333,766529.9766,,,
08/13/2015,599.333,611.333,599.333,609.667,609.667,369794.9887,,,
08/12/2015,600.667,601.333,596.667,600.667,600.667,543149.9834,,,
08/11/2015,600.333,601.667,600.333,601.667,601.667,463259.9859,,,
08/10/2015,600,610.667,598.333,600.333,600.333,255584.9922,,,
08/07/2015,609.333,609.667,599.333,600.333,600.333,473999.9855,,,
08/06/2015,605.333,613.333,605.333,610,610,218579.9933,,,
08/05/2015,606.667,615,605.333,613.333,613.333,222314.9932,,,
08/04/2015,601,606.667,593.333,606.667,606.667,383834.9883,,,
08/03/2015,598.667,601,585.333,601,601,477959.9854,,,
07/31/2015,585,597.333,583.333,595.333,595.333,366179.9888,,,
07/30/2015,585.333,586.667,584,585,585,462584.9859,,,
07/29/2015,593.333,593.333,580.667,584,584,423269.9871,,,
07/28/2015,603.667,605.333,588,593.333,593.333,416819.9873,,,
07/27/2015,600.667,606.667,600,605.333,605.333,427049.987,,,
07/24/2015,601.333,606.667,599.333,606.667,606.667,201314.9939,,,
07/23/2015,596,603.667,596,601.333,601.333,244844.9925,,,
07/22/2015,606.667,610,600,606.667,606.667,348704.9894,,,
07/21/2015,601.333,612.333,596.667,606.667,606.667,324224.9901,,,
07/20/2015,610,610,598.667,601.333,601.333,306614.9906,,,
07/16/2015,604,610,604,610,610,243689.9926,,,
07/15/2015,603.333,604.667,600.667,603.333,603.333,315419.9904,,,
07/14/2015,600.667,604,600.667,603.333,603.333,316979.9903,,,
07/13/2015,579.333,599.333,577.333,598,598,217679.9934,,,
07/10/2015,574.333,580,568,574.667,574.667,330599.9899,,,
07/09/2015,576,580,566.667,580,580,589994.982,,,
07/08/2015,585.333,586.667,576.667,580.667,580.667,458984.986,,,
07/07/2015,590,590,586.333,586.667,586.667,460109.986,,,
07/06/2015,590.667,590.667,587,587.667,587.667,647519.9803,,,
07/03/2015,593.333,593.333,588.333,590.667,590.667,549539.9832,,,
07/02/2015,599.333,602.333,595.667,598,598,431084.9869,,,
07/01/2015,590,602,590,600,600,360719.989,,,
06/30/2015,593.333,598.667,590,596.667,596.667,943859.9712,,,
06/29/2015,586.667,596.667,584.667,589.333,589.333,433874.9868,,,
06/26/2015,590.667,597.333,584,597.333,597.333,614504.9813,,,
06/25/2015,583.667,583.667,579.667,581,581,447869.9863,,,
06/24/2015,584,584,578,583.333,583.333,570419.9826,,,
06/23/2015,584.667,599.333,584,584,584,375524.9885,,,
06/22/2015,593.333,593.333,578.667,584.667,584.667,695099.9788,,,
06/19/2015,592.333,599.667,586.667,587.333,587.333,775754.9763,,,
06/18/2015,587.333,592,586,590.333,590.333,434144.9868,,,
06/17/2015,593.667,593.667,577.333,587.333,587.333,655769.98,,,
06/16/2015,594,595,592.667,593.667,593.667,448694.9863,,,
06/15/2015,593.333,599,586.667,594,594,324434.9901,,,
06/11/2015,587,593.333,581.667,593.333,593.333,316124.9904,,,
06/10/2015,582.667,585.333,573.333,585.333,585.333,194909.9941,,,
06/09/2015,582,582.667,570,582.667,582.667,488504.9851,,,
06/08/2015,583,586.667,579.333,584,584,212519.9935,,,
06/05/2015,588.333,593.333,583,583,583,198869.9939,,,
06/04/2015,592.667,592.667,582.333,590,590,425879.987,,,
06/03/2015,582,592.667,577.333,592.667,592.667,297659.9909,,,
06/02/2015,580.667,586.667,580.667,586.667,586.667,293084.9911,,,
06/01/2015,590,592,577.333,592,592,507749.9845,,,
05/29/2015,580,601.667,580,586.667,586.667,908534.9723,,,
05/28/2015,590,590,576,581.667,581.667,637649.9806,,,
05/27/2015,599.333,599.333,587,590,590,561389.9829,,,
05/26/2015,600,600,591.333,599.333,599.333,325094.9901,,,
05/25/2015,609.333,609.333,599,600,600,246104.9925,,,
05/22/2015,600,600,596.667,600,600,188189.9943,,,
05/21/2015,600,600.667,599.333,600,600,559439.9829,,,
05/20/2015,599.667,602.667,597,601.333,601.333,240224.9927,,,
05/19/2015,609.333,609.333,604,605.667,605.667,177929.9946,,,
05/18/2015,606.667,612.667,606.667,609.333,609.333,152549.9953,,,
05/15/2015,603.333,609.333,600,606.667,606.667,310739.9905,,,
05/14/2015,601.333,601.333,594.333,600,600,223634.9932,,,
05/13/2015,599,599.667,595.333,599,599,259784.9921,,,
05/12/2015,598.333,601.333,594,599.333,599.333,506519.9846,,,
05/11/2015,603.333,603.333,596.333,598.667,598.667,253604.9923,,,
05/08/2015,606.667,606.667,602,604,604,300179.9908,,,
05/07/2015,601.333,609.333,600.667,606.667,606.667,1006949.969,,,
05/06/2015,616.667,617.333,603.333,607,607,1214729.963,,,
05/05/2015,606.667,616.667,606.667,616.667,616.667,365474.9889,,,
05/04/2015,600.333,609.333,594.667,604.667,604.667,661469.9798,,,
04/30/2015,604.667,607.333,600.333,600.333,600.333,652169.9801,,,
04/29/2015,615.333,620,601.333,605.333,605.333,1046954.968,,,
04/28/2015,624.667,625.333,605.333,616.333,616.333,612854.9813,,,
04/27/2015,623.333,626.667,616,624.667,624.667,543959.9834,,,
04/24/2015,606,620,606,620,620,546374.9833,,,
04/23/2015,613.333,620,607.333,608.667,608.667,322649.9902,,,
04/22/2015,616.667,616.667,602,610,610,466214.9858,,,
04/21/2015,626,629.667,603.333,612,612,348344.9894,,,
04/20/2015,626,626,600.667,620,620,360974.989,,,
04/17/2015,624,631.667,618,620.667,620.667,406004.9876,,,
04/16/2015,617,624,611,624,624,541184.9835,,,
04/15/2015,630.333,630.333,606.667,617,617,429929.9869,,,
04/14/2015,630,630,621.667,626.667,626.667,491474.985,,,
04/13/2015,644.667,646.667,630,632.667,632.667,303224.9908,,,
04/10/2015,620.667,649.333,620.667,646.667,646.667,1409144.957,,,
04/08/2015,631.333,631.333,620.667,625.333,625.333,468809.9857,,,
04/07/2015,618.667,642.667,618.667,631.667,631.667,812189.9752,,,
04/06/2015,600,616.667,600,616,616,367529.9888,,,
04/01/2015,599.333,603.333,596.667,603.333,603.333,287264.9912,,,
03/31/2015,603.333,609.333,598.667,599.667,599.667,325364.9901,,,
03/30/2015,600,612,599.333,600,600,486329.9852,,,
03/27/2015,591.333,600,591.333,592.333,592.333,423824.9871,,,
03/26/2015,594.667,595,588,592.333,592.333,638969.9805,,,
03/25/2015,599.333,600,588.333,592,592,1023929.969,,,
03/24/2015,600,602.667,598.333,599.333,599.333,690854.9789,,,
03/23/2015,602,606.667,598.667,600,600,1197749.963,,,
03/20/2015,602.333,606.667,601.333,601.333,601.333,872834.9734,,,
03/19/2015,606,609.333,600,602.333,602.333,495929.9849,,,
03/18/2015,603,604.333,600.667,602.667,602.667,584159.9822,,,
03/17/2015,601.667,606.667,600,602.667,602.667,518999.9842,,,
03/16/2015,606.667,606.667,600,601.333,601.333,593954.9819,,,
03/13/2015,610,616.333,607,613.333,613.333,421229.9872,,,
03/12/2015,605.667,610,603.667,610,610,128834.9961,,,
03/11/2015,603.333,607.333,600.333,605.667,605.667,562559.9828,,,
03/10/2015,609.667,610,600,609.333,609.333,266564.9919,,,
03/09/2015,607.333,610,599.333,610,610,213314.9935,,,
03/06/2015,608.333,608.333,604.333,607.333,607.333,393374.988,,,
03/05/2015,605,611.333,605,608.333,608.333,517004.9842,,,
03/04/2015,600,610,600,602,602,589034.982,,,
03/03/2015,598,603.333,598,600,600,174539.9947,,,
03/02/2015,583.333,599.333,583.333,598,598,473624.9856,,,
02/27/2015,606.667,606.667,583.333,586.667,586.667,1060439.968,,,
02/26/2015,611.667,611.667,598.667,600,600,787334.976,,,
02/25/2015,613.333,613.333,611.333,611.667,611.667,301784.9908,,,
02/24/2015,612,616.333,611.667,612,612,2064104.937,,,
02/23/2015,614,616.667,610.667,612,612,639089.9805,,,
02/20/2015,615,615,611,613.667,613.667,238439.9927,,,
02/18/2015,613.333,616,610.667,611.333,611.333,98474.997,,,
02/17/2015,616.667,616.667,610.667,613.333,613.333,307709.9906,,,
02/16/2015,609.667,617.333,608.667,616,616,332744.9899,,,
02/13/2015,606.333,612,606,608.667,608.667,283814.9913,,,
02/12/2015,601.667,607.333,601.667,606,606,343289.9895,,,
02/11/2015,608.333,617,600.667,601.333,601.333,501704.9847,,,
02/10/2015,619.333,619.333,606.667,608,608,380009.9884,,,
02/09/2015,601.333,616.667,601.333,616.667,616.667,642989.9804,,,
02/06/2015,597.333,602.667,597.333,601,601,1258499.962,,,
02/05/2015,603.333,603.333,597.333,597.333,597.333,1457759.956,,,
02/04/2015,602.667,616.667,602.667,603.333,603.333,447104.9864,,,
02/03/2015,601.333,604.667,601.333,602.333,602.333,724469.9779,,,
02/02/2015,620,620,601.333,606.667,606.667,398774.9878,,,
01/30/2015,610,622.667,610,619.333,619.333,691664.9789,,,
01/29/2015,598.333,620,596.333,606.667,606.667,1138649.965,,,
01/28/2015,583.333,598.333,581.667,598.333,598.333,696899.9787,,,
01/27/2015,581.333,582.333,580.333,581.667,581.667,823289.9749,,,
01/26/2015,582.667,583.333,578,581.333,581.333,353489.9892,,,
01/23/2015,575.333,584,573,583.333,583.333,813284.9752,,,
01/22/2015,575,580,571.333,573.333,573.333,660629.9799,,,
01/21/2015,583.333,585.333,572,575,575,554684.9831,,,
01/20/2015,572,574.667,571.333,571.667,571.667,514244.9843,,,
01/19/2015,577.333,577.333,568.667,572.333,572.333,749159.9772,,,
01/14/2015,569.667,586.333,567.333,577.667,577.667,1339004.959,,,
01/13/2015,566.667,570,566,567.333,567.333,343814.9895,,,
01/12/2015,567,569,565.333,566.667,566.667,484574.9852,,,
01/09/2015,563.333,568,562,567.333,567.333,1120349.966,,,
01/08/2015,550.667,561.333,546.667,560,560,1287959.961,,,
01/07/2015,546.667,558,546,553.333,553.333,679424.9793,,,
01/06/2015,547.333,549.333,545.333,548,548,434399.9868,,,
01/05/2015,546,551.333,545.333,547.333,547.333,525539.984,,,
12/29/2014,534.667,543.333,534.667,543.333,543.333,472034.9856,,,
12/23/2014,533,533.333,528,532.333,532.333,299489.9909,,,
12/22/2014,532,534.667,532,534,534,110924.9966,,,
12/19/2014,532,533.333,526.667,532.333,532.333,22837544.3,,,
12/18/2014,525.333,533.333,511,526.667,526.667,548684.9833,,,
12/17/2014,534.667,535,520.333,520.667,520.667,817919.9751,,,
12/16/2014,533.333,538.667,533.333,534.667,534.667,246539.9925,,,
12/15/2014,533.333,544.667,531.333,544.667,544.667,427019.987,,,
12/12/2014,533.333,543.333,533.333,542,542,462344.9859,,,
12/11/2014,533.333,534.667,526.333,530,530,416834.9873,,,
12/10/2014,536.667,538.333,534,537,537,523934.984,,,
12/09/2014,543.333,543.333,539.333,540,540,423719.9871,,,
12/05/2014,540.667,540.667,536.667,539.667,539.667,457889.986,,,
12/04/2014,546,546.667,543.333,543.333,543.333,505784.9846,,,
12/03/2014,546,546,543.333,546,546,333419.9898,,,
12/02/2014,546,546,544,545.333,545.333,189539.9942,,,
12/01/2014,536.333,547.333,534.667,547,547,755939.9769,,,
11/28/2014,533.333,536.333,533.333,536.333,536.333,338924.9897,,,
11/27/2014,536,537.333,530,533.333,533.333,865004.9736,,,
11/26/2014,523.333,537,523.333,536,536,637874.9805,,,
11/25/2014,535.667,535.667,518.333,523.333,523.333,666569.9797,,,
11/24/2014,536,536.667,532.667,534,534,439844.9866,,,
11/21/2014,528,533.333,524.333,533.333,533.333,423794.9871,,,
11/20/2014,522.333,530,520,530,530,251534.9923,,,
11/19/2014,526,527.333,519.667,522,522,200819.9939,,,
11/18/2014,517.333,530,516,525.667,525.667,284609.9913,,,
11/17/2014,518.667,518.667,516.667,517.333,517.333,196709.994,,,
11/14/2014,516,520,514.667,518.667,518.667,325919.9901,,,
11/13/2014,524.667,532,516.667,518.667,518.667,253889.9923,,,
11/12/2014,530,532,523.333,524,524,305204.9907,,,
11/11/2014,531.333,532,524.667,530,530,404129.9877,,,
11/10/2014,533.667,533.667,526.667,532,532,135674.9959,,,
11/07/2014,536.667,537,528,532.667,532.667,244994.9925,,,
11/06/2014,534.333,538.333,530.667,536.667,536.667,408869.9875,,,
11/05/2014,533,539,529.667,534.667,534.667,457199.9861,,,
11/04/2014,533,534.333,531.333,533,533,391979.988,,,
11/03/2014,520,532.667,520,532.667,532.667,913994.9721,,,
10/31/2014,523,523,521.333,522.333,522.333,493469.9849,,,
10/30/2014,517.333,523.667,515.333,523.333,523.333,461924.9859,,,
10/29/2014,514.667,519.333,512,515.667,515.667,343094.9895,,,
10/28/2014,506.667,515,506.667,514.333,514.333,494114.9849,,,
10/27/2014,516.667,516.667,511.667,512.667,512.667,317039.9903,,,
10/24/2014,510,513.333,507.333,512.667,512.667,227744.9931,,,
10/23/2014,510,510,502,506,506,376139.9885,,,
10/22/2014,524.667,524.667,507.333,510,510,442844.9865,,,
10/21/2014,520,523.333,511.667,522.667,522.667,272189.9917,,,
10/20/2014,506.333,520,506.333,520,520,186044.9943,,,
10/17/2014,503,518,501.667,501.667,501.667,376439.9885,,,
10/16/2014,507.667,507.667,500.667,502.333,502.333,378134.9885,,,
10/15/2014,509.333,514,509.333,510,510,430334.9869,,,
10/14/2014,508,515.667,506.667,509.333,509.333,731714.9777,,,
10/13/2014,526.667,526.667,508,508,508,630644.9808,,,
10/10/2014,529.667,530.667,526.667,529.333,529.333,509309.9845,,,
10/09/2014,529.667,536.667,529.667,534,534,380339.9884,,,
10/08/2014,532.667,532.667,525.333,529.667,529.667,604409.9816,,,
10/07/2014,533.333,536.333,533,534,534,604199.9816,,,
10/03/2014,537,546,537,540.667,540.667,650249.9802,,,
10/02/2014,537.333,540,534.667,539.333,539.333,391079.9881,,,
10/01/2014,532.667,539.333,532.667,539.333,539.333,229274.993,,,
09/30/2014,536,537.333,534,535.667,535.667,356849.9891,,,
09/29/2014,536.333,537.333,534.667,536,536,343304.9895,,,
09/26/2014,534,538.667,532,536.333,536.333,493514.9849,,,
09/25/2014,540,550,536.667,536.667,536.667,666644.9797,,,
09/24/2014,537.333,546,537.333,539.333,539.333,544319.9834,,,
09/23/2014,546.667,546.667,534,537.333,537.333,578684.9824,,,
09/22/2014,544,548.333,539.667,546.667,546.667,440144.9866,,,
09/18/2014,539.333,546.333,538.667,546.333,546.333,415439.9873,,,
09/17/2014,538.667,539.333,534,538.667,538.667,216389.9934,,,
09/16/2014,534.333,535.333,533.333,534,534,430259.9869,,,
09/15/2014,537,537.333,533.333,534.333,534.333,220364.9933,,,
09/12/2014,538,538,532.667,537,537,224924.9931,,,
09/11/2014,535.667,540,535.667,538.333,538.333,318449.9903,,,
09/10/2014,537,537,533,535.667,535.667,444704.9864,,,
09/09/2014,537,539.333,537,537,537,363854.9889,,,
09/08/2014,539.667,540.333,536.333,537,537,329264.99,,,
09/05/2014,536,539,535.667,537,537,603719.9816,,,
09/04/2014,538.333,538.333,533.333,535.333,535.333,475604.9855,,,
09/03/2014,532.667,538.667,532.667,538.667,538.667,732539.9777,,,
09/02/2014,529.333,531.333,526.333,530.333,530.333,772139.9764,,,
09/01/2014,528.667,528.667,520.667,526.333,526.333,402509.9877,,,
08/29/2014,533.333,533.333,514.667,514.667,514.667,1199204.963,,,
08/28/2014,535.333,535.333,527.333,533,533,377879.9885,,,
08/27/2014,533.333,536.667,533.333,535,535,664304.9797,,,
08/26/2014,532,533.333,525.333,533.333,533.333,181169.9945,,,
08/22/2014,527.667,532.667,526.667,530.667,530.667,608369.9814,,,
08/20/2014,525,530.667,525,525.667,525.667,391409.9881,,,
08/19/2014,523.333,525.333,522.667,525,525,132299.996,,,
08/18/2014,519,523.333,519,522,522,143579.9956,,,
08/15/2014,523.333,523.333,512.667,518.667,518.667,319199.9903,,,
08/14/2014,523.333,529.333,521.667,523.333,523.333,367019.9888,,,
08/13/2014,518,520.667,516.667,518.333,518.333,491609.985,,,
08/12/2014,520,523,515.333,517.333,517.333,429449.9869,,,
08/11/2014,514,522.667,513.333,518,518,628049.9808,,,
08/08/2014,531.333,531.333,513.333,513.333,513.333,634919.9806,,,
08/07/2014,527.333,535.333,527.333,531.333,531.333,303134.9908,,,
08/06/2014,533.333,533.333,525,527.333,527.333,337619.9897,,,
08/05/2014,532.667,533.333,527.333,533.333,533.333,664694.9797,,,
08/04/2014,527,534.667,522,531.333,531.333,846569.9742,,,
08/01/2014,526.667,529.333,523.333,526.667,526.667,498059.9848,,,
07/31/2014,532,533.333,530,531.333,531.333,379784.9884,,,
07/30/2014,531.333,534.667,527.667,532,532,852809.974,,,
07/28/2014,527,539.333,527,531.333,531.333,752594.977,,,
07/25/2014,526.667,529.333,526.667,527,527,452159.9862,,,
07/24/2014,526.333,529.333,524,526.667,526.667,1178324.964,,,
07/23/2014,524,524,515.333,521.333,521.333,555254.9831,,,
07/22/2014,514,523.333,512.333,518,518,391769.9881,,,
07/21/2014,516,519.667,513.333,514,514,590969.982,,,
07/18/2014,518,518,512.667,516,516,640754.9805,,,
07/17/2014,520,524,519.333,521.667,521.667,581819.9823,,,
07/15/2014,525.667,525.667,523.333,524,524,403694.9877,,,
07/14/2014,532.667,532.667,521,525.333,525.333,468914.9857,,,
07/11/2014,540.667,541,532,532.667,532.667,399224.9878,,,
07/10/2014,544,544,539,541,541,488129.9851,,,
07/09/2014,545.333,545.333,538.667,543.333,543.333,207689.9937,,,
07/08/2014,551,551,543.333,545.667,545.667,339029.9897,,,
07/07/2014,553,553,550,551,551,522824.9841,,,
07/04/2014,542.667,552.667,542.667,551,551,678104.9793,,,
07/03/2014,539.333,541.333,534.667,539.667,539.667,675224.9794,,,
07/02/2014,546.667,546.667,536.667,539.333,539.333,493409.985,,,
07/01/2014,550,550.667,534.667,536.333,536.333,334019.9898,,,
06/30/2014,550.667,551.333,540,544,544,819314.975,,,
06/27/2014,554,554,534.667,541,541,686159.9791,,,
06/26/2014,547.333,554.667,547.333,554.667,554.667,773759.9764,,,
06/25/2014,547.333,556.333,546.667,551,551,1201349.963,,,
06/24/2014,532.667,547.333,532.667,545.333,545.333,1286069.961,,,
06/23/2014,526.333,534,526.333,532.667,532.667,526274.9839,,,
06/20/2014,523.333,526.667,519,520.667,520.667,321194.9902,,,
06/19/2014,524,526.667,518.667,523.333,523.333,416624.9873,,,
06/18/2014,522,524.667,513.333,523.333,523.333,414749.9874,,,
06/17/2014,526.667,526.667,520,525.333,525.333,411239.9875,,,
06/16/2014,529,529,525,527.333,527.333,664454.9797,,,
06/13/2014,527,532,520,529.333,529.333,1129649.966,,,
06/11/2014,518,528.333,517.667,521.333,521.333,592649.9819,,,
06/10/2014,524.333,524.667,514,516.667,516.667,482189.9853,,,
06/09/2014,523.667,526,522,524.333,524.333,124094.9962,,,
06/06/2014,518.667,522.667,518.667,520,520,225164.9931,,,
06/05/2014,515.333,520,513.333,518.667,518.667,316064.9904,,,
06/04/2014,522.667,527.333,515.333,515.333,515.333,340649.9896,,,
06/03/2014,520,525,516,522.667,522.667,683789.9791,,,
06/02/2014,510,521.333,510,519.333,519.333,706034.9785,,,
05/30/2014,509,524,508.667,524,524,4957244.849,,,
05/29/2014,518,521.333,503.333,509,509,873074.9734,,,
05/28/2014,510,520,510,514,514,460679.9859,,,
05/27/2014,506.667,510,506,509.333,509.333,415904.9873,,,
05/26/2014,510,512,508.667,510.333,510.333,417779.9873,,,
05/23/2014,510.667,514.667,503.333,510,510,637859.9805,,,
05/22/2014,512.667,512.667,503.333,511,511,616559.9812,,,
05/21/2014,520,520,500.333,500.333,500.333,598799.9817,,,
05/20/2014,520.333,522.667,514,518.333,518.333,523694.984,,,
05/19/2014,515.667,520.333,514,520.333,520.333,796574.9757,,,
05/16/2014,516,527.333,511.333,512.667,512.667,642059.9804,,,
05/15/2014,518.667,520.667,514.667,517,517,991919.9697,,,
05/14/2014,521.333,525.333,516.667,520,520,749294.9771,,,
05/13/2014,514,521.333,514,520.667,520.667,489374.9851,,,
05/12/2014,505,510,503,510,510,326174.9901,,,
05/09/2014,500.667,510,499.333,510,510,1785194.946,,,
05/08/2014,499,501.333,491.333,496,496,602054.9816,,,
05/07/2014,496,504,493.333,495,495,676979.9794,,,
05/06/2014,500.667,500.667,493.333,494.667,494.667,196274.994,,,
05/05/2014,485.667,504,485.667,500.667,500.667,593849.9819,,,
05/02/2014,484.667,488.333,483,485,485,746744.9772,,,
04/30/2014,480,489.333,480,483.333,483.333,419564.9872,,,
04/29/2014,483.333,484.333,477.333,480,480,202274.9938,,,
04/28/2014,489.333,489.333,482.667,482.667,482.667,607289.9815,,,
04/25/2014,493,493,488.667,489.667,489.667,697019.9787,,,
04/24/2014,494.667,494.667,489,491.667,491.667,866009.9736,,,
04/23/2014,497.667,497.667,492,495,495,552149.9832,,,
04/22/2014,495,500.667,495,497.667,497.667,1664624.949,,,
04/21/2014,483.333,493.333,483.333,492,492,2671979.919,,,
04/16/2014,477,484.667,476.667,484.667,484.667,1465979.955,,,
04/15/2014,479,481,479,480,480,719249.9781,,,
04/14/2014,479,479,473,479,479,726284.9778,,,
04/11/2014,478.333,480.333,478.333,479,479,889229.9729,,,
04/10/2014,485.333,486,479.333,482,482,1131014.966,,,
04/08/2014,479,479,477.333,479,479,261389.992,,,
04/07/2014,483,483.333,476.667,479,479,348764.9894,,,
04/04/2014,483.333,486,480,483,483,552674.9831,,,
04/03/2014,481.667,484,466.667,480,480,685799.9791,,,
04/02/2014,479,482.667,478,481,481,1176599.964,,,
04/01/2014,470,479,470,478.333,478.333,811214.9753,,,
03/31/2014,470,470,465.333,470,470,555929.983,,,
03/28/2014,465.333,465.333,458.667,463,463,747224.9772,,,
03/27/2014,466.333,466.667,458.667,458.667,458.667,443384.9865,,,
03/26/2014,466.667,467,464.667,466.333,466.333,575714.9824,,,
03/25/2014,472.667,472.667,466,466.667,466.667,580994.9823,,,
03/24/2014,467.667,475.333,467.667,472.667,472.667,178694.9945,,,
03/21/2014,476,478.667,466.667,466.667,466.667,647834.9802,,,
03/20/2014,477,478,475.333,476,476,537089.9836,,,
03/19/2014,478.667,479,474,477,477,477779.9854,,,
03/18/2014,477.333,480,476.667,479,479,301964.9908,,,
